event_id	rotation_id	pair_class	sp_flag	output_year	season	scenario_id	pack_id	source	derivation_flag	placement_rule	airline_code	airline_name	flight_number	airline_category	service_type	commercial_flag	od_airport	od_city	od_country	od_region	dd_region	distance_band	dom_intl	schengen_flag	eea_final_dest	eea_aircraft_dest	ad_flag	sched_time	hour_bucket	block_time	ground_time_min	equipment_iata	aircraft_model	aircraft_class	icao_code_letter	seats	registration	pax_onboard	transfer_pax	od_pax	load_factor	bags	cargo_kg	terminal	stand_id
XY435_SP	XY436_SP	standard_turn	SP	2025	S	Base	AHB-demo-pack	OAG bank export		near_wave_deterministic_v0	XY		435	XY	J	Commercial	JED										A	00:20:00	0		45	32N		NB	C	170									
F3437_SP	F3438_SP	standard_turn	SP	2025	S	Base	AHB-demo-pack	OAG bank export		near_wave_deterministic_v0	F3		437	F3	J	Commercial	DMM										A	00:35:00	0		55	320		NB	C	186									
SV1640_SP	SV1643_SP	standard_turn	SP	2025	S	Base	AHB-demo-pack	OAG bank export		near_wave_deterministic_v0	SV		1640	SV	J	Commercial	JED										A	01:05:00	1		40	320		NB	C	144									
F327_SP	F328_SP	standard_turn	SP	2025	S	Base	AHB-demo-pack	OAG bank export		near_wave_deterministic_v0	F3		27	F3	J	Commercial	RUH										A	01:40:00	1		40	320		NB	C	186									
SV1642_SP	SV1645_SP	standard_turn	SP	2025	S	Base	AHB-demo-pack	OAG bank export		near_wave_deterministic_v0	SV		1642	SV	J	Commercial	JED										A	04:05:00	4		40	320		NB	C	144									
XY781_SP	XY782_SP	standard_turn	SP	2025	S	Base	AHB-demo-pack	OAG bank export		near_wave_deterministic_v0	XY		781	XY	J	Commercial	MED										A	04:50:00	4		50	32N		NB	C	170									
F3335_SP	F3336_SP	standard_turn	SP	2025	S	Base	AHB-demo-pack	OAG bank export		near_wave_deterministic_v0	F3		335	F3	J	Commercial	JED										A	05:10:00	5		40	320		NB	C	186									
F313_SP	F314_SP	standard_turn	SP	2025	S	Base	AHB-demo-pack	OAG bank export		near_wave_deterministic_v0	F3		13	F3	J	Commercial	RUH										A	05:40:00	5		40	320		NB	C	186									
SM443_SP	SM444_SP	standard_turn	SP	2025	S	Base	AHB-demo-pack	OAG bank export		near_wave_deterministic_v0	SM		443	SM	J	Commercial	CAI										A	05:50:00	5		60	320		NB	C	180									
SV1661_SP	SV1662_SP	standard_turn	SP	2025	S	Base	AHB-demo-pack	OAG bank export		near_wave_deterministic_v0	SV		1661	SV	J	Commercial	RUH										A	05:55:00	5		55	330		WB	E	330									
XY83_SP	XY84_SP	standard_turn	SP	2025	S	Base	AHB-demo-pack	OAG bank export		near_wave_deterministic_v0	XY		83	XY	J	Commercial	RUH										A	07:00:00	7		45	32N		NB	C	170									
F3333_SP	F3334_SP	standard_turn	SP	2025	S	Base	AHB-demo-pack	OAG bank export		near_wave_deterministic_v0	F3		333	F3	J	Commercial	JED										A	07:35:00	7		40	320		NB	C	186									
SV1644_SP	SV1647_SP	standard_turn	SP	2025	S	Base	AHB-demo-pack	OAG bank export		near_wave_deterministic_v0	SV		1644	SV	J	Commercial	JED										A	08:00:00	8		40	320		NB	C	144									
SV1663_SP	SV1664_SP	standard_turn	SP	2025	S	Base	AHB-demo-pack	OAG bank export		near_wave_deterministic_v0	SV		1663	SV	J	Commercial	RUH										A	08:05:00	8		45	320		NB	C	144									
XY425_SP	XY426_SP	standard_turn	SP	2025	S	Base	AHB-demo-pack	OAG bank export		near_wave_deterministic_v0	XY		425	XY	J	Commercial	JED										A	08:05:00	8		45	32N		NB	C	170									
XY81_SP	XY82_SP	standard_turn	SP	2025	S	Base	AHB-demo-pack	OAG bank export		near_wave_deterministic_v0	XY		81	XY	J	Commercial	RUH										A	08:10:00	8		45	32N		NB	C	170									
F315_SP	F316_SP	standard_turn	SP	2025	S	Base	AHB-demo-pack	OAG bank export		near_wave_deterministic_v0	F3		15	F3	J	Commercial	RUH										A	11:00:00	11		40	320		NB	C	186									
XY709_SP	XY710_SP	standard_turn	SP	2025	S	Base	AHB-demo-pack	OAG bank export		near_wave_deterministic_v0	XY		709	XY	J	Commercial	DMM										A	11:05:00	11		45	32N		NB	C	170									
QR1212_SP	QR1213_SP	standard_turn	SP	2025	S	Base	AHB-demo-pack	OAG bank export		near_wave_deterministic_v0	QR		1212	QR	J	Commercial	DOH										A	11:15:00	11		85	320		NB	C	144									
SV1669_SP	SV1670_SP	standard_turn	SP	2025	S	Base	AHB-demo-pack	OAG bank export		near_wave_deterministic_v0	SV		1669	SV	J	Commercial	RUH										A	11:50:00	11		45	320		NB	C	144									
FZ815_SP	FZ816_SP	standard_turn	SP	2025	S	Base	AHB-demo-pack	OAG bank export		near_wave_deterministic_v0	FZ		815	FZ	J	Commercial	DXB										A	12:15:00	12		60	7M8		NB	C	174									
F3337_SP	F3338_SP	standard_turn	SP	2025	S	Base	AHB-demo-pack	OAG bank export		near_wave_deterministic_v0	F3		337	F3	J	Commercial	JED										A	13:05:00	13		40	320		NB	C	186									
F317_SP	F318_SP	standard_turn	SP	2025	S	Base	AHB-demo-pack	OAG bank export		near_wave_deterministic_v0	F3		17	F3	J	Commercial	RUH										A	13:20:00	13		40	320		NB	C	186									
SV1646_SP	SV1649_SP	standard_turn	SP	2025	S	Base	AHB-demo-pack	OAG bank export		near_wave_deterministic_v0	SV		1646	SV	J	Commercial	JED										A	13:35:00	13		40	320		NB	C	144									
G9195_SP	G9196_SP	standard_turn	SP	2025	S	Base	AHB-demo-pack	OAG bank export		near_wave_deterministic_v0	G9		195	G9	J	Commercial	SHJ										A	14:30:00	14		50	320		NB	C	174									
XY89_SP	XY90_SP	standard_turn	SP	2025	S	Base	AHB-demo-pack	OAG bank export		near_wave_deterministic_v0	XY		89	XY	J	Commercial	RUH										A	14:35:00	14		45	32N		NB	C	170									
SV1671_SP	SV1672_SP	standard_turn	SP	2025	S	Base	AHB-demo-pack	OAG bank export		near_wave_deterministic_v0	SV		1671	SV	J	Commercial	RUH										A	15:20:00	15		45	333		WB	E	298									
SV1648_SP	SV1651_SP	standard_turn	SP	2025	S	Base	AHB-demo-pack	OAG bank export		near_wave_deterministic_v0	SV		1648	SV	J	Commercial	JED										A	15:40:00	15		50	333		WB	E	298									
XY737_SP	XY738_SP	standard_turn	SP	2025	S	Base	AHB-demo-pack	OAG bank export		near_wave_deterministic_v0	XY		737	XY	J	Commercial	DMM										A	16:25:00	16		45	32N		NB	C	170									
XY85_SP	XY86_SP	standard_turn	SP	2025	S	Base	AHB-demo-pack	OAG bank export		near_wave_deterministic_v0	XY		85	XY	J	Commercial	RUH										A	16:30:00	16		45	32N		NB	C	170									
F319_SP	F320_SP	standard_turn	SP	2025	S	Base	AHB-demo-pack	OAG bank export		near_wave_deterministic_v0	F3		19	F3	J	Commercial	RUH										A	17:00:00	17		40	320		NB	C	186									
F3431_SP	F3432_SP	standard_turn	SP	2025	S	Base	AHB-demo-pack	OAG bank export		near_wave_deterministic_v0	F3		431	F3	J	Commercial	DMM										A	17:05:00	17		35	320		NB	C	186									
F3341_SP	F3342_SP	standard_turn	SP	2025	S	Base	AHB-demo-pack	OAG bank export		near_wave_deterministic_v0	F3		341	F3	J	Commercial	JED										A	17:25:00	17		40	320		NB	C	186									
SV1675_SP	SV1676_SP	standard_turn	SP	2025	S	Base	AHB-demo-pack	OAG bank export		near_wave_deterministic_v0	SV		1675	SV	J	Commercial	RUH										A	17:40:00	17		55	330		WB	E	330									
FZ813_SP	FZ814_SP	standard_turn	SP	2025	S	Base	AHB-demo-pack	OAG bank export		near_wave_deterministic_v0	FZ		813	FZ	J	Commercial	DXB										A	17:55:00	17		60	7M8		NB	C	174									
F321_SP	F322_SP	standard_turn	SP	2025	S	Base	AHB-demo-pack	OAG bank export		near_wave_deterministic_v0	F3		21	F3	J	Commercial	RUH										A	18:20:00	18		45	320		NB	C	186									
SV1650_SP	SV1653_SP	standard_turn	SP	2025	S	Base	AHB-demo-pack	OAG bank export		near_wave_deterministic_v0	SV		1650	SV	J	Commercial	JED										A	19:10:00	19		40	320		NB	C	144									
F323_SP	F324_SP	standard_turn	SP	2025	S	Base	AHB-demo-pack	OAG bank export		near_wave_deterministic_v0	F3		23	F3	J	Commercial	RUH										A	20:00:00	20		40	320		NB	C	186									
SV1677_SP	SV1678_SP	standard_turn	SP	2025	S	Base	AHB-demo-pack	OAG bank export		near_wave_deterministic_v0	SV		1677	SV	J	Commercial	RUH										A	20:05:00	20		55	320		NB	C	144									
XY91_SP	XY92_SP	standard_turn	SP	2025	S	Base	AHB-demo-pack	OAG bank export		near_wave_deterministic_v0	XY		91	XY	J	Commercial	RUH										A	20:10:00	20		45	32N		NB	C	170									
SV1652_SP	SV1655_SP	standard_turn	SP	2025	S	Base	AHB-demo-pack	OAG bank export		near_wave_deterministic_v0	SV		1652	SV	J	Commercial	JED										A	21:25:00	21		50	333		WB	E	288									
SV1673_SP	SV1674_SP	standard_turn	SP	2025	S	Base	AHB-demo-pack	OAG bank export		near_wave_deterministic_v0	SV		1673	SV	J	Commercial	RUH										A	21:50:00	21		40	320		NB	C	144									
E5511_SP	E5512_SP	standard_turn	SP	2025	S	Base	AHB-demo-pack	OAG bank export		near_wave_deterministic_v0	E5		511	E5	J	Commercial	CAI										A	21:50:00	21		60	320		NB	C	170									
F3435_SP	F3436_SP	standard_turn	SP	2025	S	Base	AHB-demo-pack	OAG bank export		near_wave_deterministic_v0	F3		435	F3	J	Commercial	DMM										A	22:35:00	22		40	320		NB	C	186									
F3345_SP	F3346_SP	standard_turn	SP	2025	S	Base	AHB-demo-pack	OAG bank export		near_wave_deterministic_v0	F3		345	F3	J	Commercial	JED										A	22:45:00	22		40	320		NB	C	186									
SV1679_SP	SV1680_SP	standard_turn	SP	2025	S	Base	AHB-demo-pack	OAG bank export		near_wave_deterministic_v0	SV		1679	SV	J	Commercial	RUH										A	23:40:00	23		50	330		WB	E	330									
3LN2025_1A	3LN2025_1D	standard_turn	generated	2025	S	Base	AHB-demo-pack	bridge growth	generated	near_wave_deterministic_v0	3L		N2025_1	3L	J	Commercial				cat2		cat2					A	07:00:00	7		30	B737		NB	C										
5WN2025_1A	5WN2025_1D	standard_turn	generated	2025	S	Base	AHB-demo-pack	bridge growth	generated	near_wave_deterministic_v0	5W		N2025_1	5W	J	Commercial				cat2		cat2					A	07:00:00	7		30	B737		NB	C										
F3N2025_1A	F3N2025_1D	standard_turn	generated	2025	S	Base	AHB-demo-pack	bridge growth	generated	near_wave_deterministic_v0	F3		N2025_1	F3	J	Commercial				cat1		cat1					A	07:00:00	7		30	A320		NB	C										
OTHN2025_1A	OTHN2025_1D	standard_turn	generated	2025	S	Base	AHB-demo-pack	bridge growth	generated	near_wave_deterministic_v0	OTH		N2025_1	OTH	J	Commercial				cat2		cat2					A	07:00:00	7		30	B737		NB	C										
SWN2025_1A	SWN2025_1D	standard_turn	generated	2025	S	Base	AHB-demo-pack	bridge growth	generated	near_wave_deterministic_v0	SW		N2025_1	SW	J	Commercial				cat2		cat2					A	07:00:00	7		30	B737		NB	C										
XYN2025_1A	XYN2025_1D	standard_turn	generated	2025	S	Base	AHB-demo-pack	bridge growth	generated	near_wave_deterministic_v0	XY		N2025_1	XY	J	Commercial				cat2		cat2					A	07:00:00	7		30	B737		NB	C										
F3N2025_2A	F3N2025_2D	standard_turn	generated	2025	S	Base	AHB-demo-pack	bridge growth	generated	near_wave_deterministic_v0	F3		N2025_2	F3	J	Commercial				cat2		cat2					A	07:07:00	7		30	A320		NB	C										
F3N2025_3A	F3N2025_3D	standard_turn	generated	2025	S	Base	AHB-demo-pack	bridge growth	generated	near_wave_deterministic_v0	F3		N2025_3	F3	J	Commercial				cat2		cat2					A	07:14:00	7		30	A320		NB	C										
F3N2025_4A	F3N2025_4D	standard_turn	generated	2025	S	Base	AHB-demo-pack	bridge growth	generated	near_wave_deterministic_v0	F3		N2025_4	F3	J	Commercial				cat2		cat2					A	07:21:00	7		30	A320		NB	C										
3LN2025_2A	3LN2025_2D	standard_turn	generated	2025	S	Base	AHB-demo-pack	bridge growth	generated	near_wave_deterministic_v0	3L		N2025_2	3L	J	Commercial				cat2		cat2					A	08:07:00	8		30	B737		NB	C										
5WN2025_2A	5WN2025_2D	standard_turn	generated	2025	S	Base	AHB-demo-pack	bridge growth	generated	near_wave_deterministic_v0	5W		N2025_2	5W	J	Commercial				cat2		cat2					A	08:07:00	8		30	B737		NB	C										
OTHN2025_2A	OTHN2025_2D	standard_turn	generated	2025	S	Base	AHB-demo-pack	bridge growth	generated	near_wave_deterministic_v0	OTH		N2025_2	OTH	J	Commercial				cat2		cat2					A	08:07:00	8		30	B737		NB	C										
SWN2025_2A	SWN2025_2D	standard_turn	generated	2025	S	Base	AHB-demo-pack	bridge growth	generated	near_wave_deterministic_v0	SW		N2025_2	SW	J	Commercial				cat2		cat2					A	08:07:00	8		30	B737		NB	C										
XYN2025_2A	XYN2025_2D	standard_turn	generated	2025	S	Base	AHB-demo-pack	bridge growth	generated	near_wave_deterministic_v0	XY		N2025_2	XY	J	Commercial				cat2		cat2					A	08:07:00	8		30	B737		NB	C										
F3N2025_5A	F3N2025_5D	standard_turn	generated	2025	S	Base	AHB-demo-pack	bridge growth	generated	near_wave_deterministic_v0	F3		N2025_5	F3	J	Commercial				cat3		cat3					A	08:28:00	8		30	A320		NB	C										
F3N2025_6A	F3N2025_9D	standard_turn	generated	2025	S	Base	AHB-demo-pack	bridge growth	generated	near_wave_deterministic_v0	F3		N2025_6	F3	J	Commercial				cat1		cat1					A	08:35:00	8		51	A321		NB	C										
F3N2025_7A	F3N2025_10D	standard_turn	generated	2025	S	Base	AHB-demo-pack	bridge growth	generated	near_wave_deterministic_v0	F3		N2025_7	F3	J	Commercial				cat1		cat1					A	08:42:00	8		51	A321		NB	C										
F3N2025_8A	F3N2025_6D	night_stop	generated	2025	S	Base	AHB-demo-pack	bridge growth	generated	near_wave_deterministic_v0	F3		N2025_8	F3	J	Commercial				cat1		cat1					A	08:49:00	8		1396	A321		NB	C										
F3N2025_10A	F3N2025_7D	night_stop	generated	2025	S	Base	AHB-demo-pack	bridge growth	generated	near_wave_deterministic_v0	F3		N2025_10	F3	J	Commercial				cat1		cat1					A	09:03:00	9		1389	A321		NB	C										
F3N2025_9A	F3N2025_8D	night_stop	generated	2025	S	Base	AHB-demo-pack	bridge growth	generated	near_wave_deterministic_v0	F3		N2025_9	F3	J	Commercial				cat1		cat1					A	09:56:00	9		1343	A321		NB	C										
F3N2025_11A	F3N2025_11D	standard_turn	generated	2025	S	Base	AHB-demo-pack	bridge growth	generated	near_wave_deterministic_v0	F3		N2025_11	F3	J	Commercial				cat1		cat1					A	10:10:00	10		30	A350		NB	E										
F3N2025_12A	F3N2025_12D	standard_turn	generated	2025	S	Base	AHB-demo-pack	bridge growth	generated	near_wave_deterministic_v0	F3		N2025_12	F3	J	Commercial				cat1		cat1					A	13:17:00	13		30	A350		NB	E										
F3N2025_13A	F3N2025_13D	standard_turn	generated	2025	S	Base	AHB-demo-pack	bridge growth	generated	near_wave_deterministic_v0	F3		N2025_13	F3	J	Commercial				cat1		cat1					A	13:24:00	13		30	A350		NB	E										
F3N2025_14A	F3N2025_15D	standard_turn	generated	2025	S	Base	AHB-demo-pack	bridge growth	generated	near_wave_deterministic_v0	F3		N2025_14	F3	J	Commercial				cat5		cat5					A	14:31:00	14		37	A350		NB	E										
F3N2025_15A	F3N2025_16D	standard_turn	generated	2025	S	Base	AHB-demo-pack	bridge growth	generated	near_wave_deterministic_v0	F3		N2025_15	F3	J	Commercial				cat5		cat5					A	15:38:00	15		37	A350		NB	E										
F3N2025_16A	F3N2025_17D	standard_turn	generated	2025	S	Base	AHB-demo-pack	bridge growth	generated	near_wave_deterministic_v0	F3		N2025_16	F3	J	Commercial				cat5		cat5					A	16:45:00	16		37	A350		NB	E										
F3N2025_19A	F3N2025_19D	standard_turn	generated	2025	S	Base	AHB-demo-pack	bridge growth	generated	near_wave_deterministic_v0	F3		N2025_19	F3	J	Commercial				cat7		cat7					A	17:06:00	17		30	A350		NB	E										
F3N2025_20A	F3N2025_20D	standard_turn	generated	2025	S	Base	AHB-demo-pack	bridge growth	generated	near_wave_deterministic_v0	F3		N2025_20	F3	J	Commercial				cat1		cat1					A	17:13:00	17		30	B737		NB	C										
3LN2025_3A	3LN2025_3D	standard_turn	generated	2025	S	Base	AHB-demo-pack	bridge growth	generated	near_wave_deterministic_v0	3L		N2025_3	3L	J	Commercial				cat2		cat2					A	17:14:00	17		30	B737		NB	C										
5WN2025_3A	5WN2025_3D	standard_turn	generated	2025	S	Base	AHB-demo-pack	bridge growth	generated	near_wave_deterministic_v0	5W		N2025_3	5W	J	Commercial				cat2		cat2					A	17:14:00	17		30	B737		NB	C										
OTHN2025_3A	OTHN2025_3D	standard_turn	generated	2025	S	Base	AHB-demo-pack	bridge growth	generated	near_wave_deterministic_v0	OTH		N2025_3	OTH	J	Commercial				cat2		cat2					A	17:14:00	17		30	B737		NB	C										
SWN2025_3A	SWN2025_3D	standard_turn	generated	2025	S	Base	AHB-demo-pack	bridge growth	generated	near_wave_deterministic_v0	SW		N2025_3	SW	J	Commercial				cat2		cat2					A	17:14:00	17		30	B737		NB	C										
XYN2025_3A	XYN2025_3D	standard_turn	generated	2025	S	Base	AHB-demo-pack	bridge growth	generated	near_wave_deterministic_v0	XY		N2025_3	XY	J	Commercial				cat2		cat2					A	17:14:00	17		30	B737		NB	C										
F3N2025_17A	F3N2025_14D	night_stop	generated	2025	S	Base	AHB-demo-pack	bridge growth	generated	near_wave_deterministic_v0	F3		N2025_17	F3	J	Commercial				cat6		cat6					A	17:52:00	17		1209	A350		NB	E										
F3N2025_18A	F3N2025_18D	night_stop	generated	2025	S	Base	AHB-demo-pack	bridge growth	generated	near_wave_deterministic_v0	F3		N2025_18	F3	J	Commercial				cat6		cat6					A	17:59:00	17		1410	A350		NB	E										
F3N2025_21A	F3N2025_21D	standard_turn	generated	2025	S	Base	AHB-demo-pack	bridge growth	generated	near_wave_deterministic_v0	F3		N2025_21	F3	J	Commercial				cat1		cat1					A	18:20:00	18		30	B737		NB	C										
3LN2025_4A	3LN2025_4D	standard_turn	generated	2025	S	Base	AHB-demo-pack	bridge growth	generated	near_wave_deterministic_v0	3L		N2025_4	3L	J	Commercial				cat2		cat2					A	18:21:00	18		30	B737		NB	C										
5WN2025_4A	5WN2025_4D	standard_turn	generated	2025	S	Base	AHB-demo-pack	bridge growth	generated	near_wave_deterministic_v0	5W		N2025_4	5W	J	Commercial				cat2		cat2					A	18:21:00	18		30	B737		NB	C										
OTHN2025_4A	OTHN2025_4D	standard_turn	generated	2025	S	Base	AHB-demo-pack	bridge growth	generated	near_wave_deterministic_v0	OTH		N2025_4	OTH	J	Commercial				cat2		cat2					A	18:21:00	18		30	B737		NB	C										
SWN2025_4A	SWN2025_4D	standard_turn	generated	2025	S	Base	AHB-demo-pack	bridge growth	generated	near_wave_deterministic_v0	SW		N2025_4	SW	J	Commercial				cat2		cat2					A	18:21:00	18		30	B737		NB	C										
XYN2025_4A	XYN2025_4D	standard_turn	generated	2025	S	Base	AHB-demo-pack	bridge growth	generated	near_wave_deterministic_v0	XY		N2025_4	XY	J	Commercial				cat2		cat2					A	18:21:00	18		30	B737		NB	C										
F3N2025_22A	F3N2025_22D	standard_turn	generated	2025	S	Base	AHB-demo-pack	bridge growth	generated	near_wave_deterministic_v0	F3		N2025_22	F3	J	Commercial				cat1		cat1					A	18:27:00	18		30	B757		NB	D										
F3N2025_23A	F3N2025_23D	night_stop	generated	2025	S	Base	AHB-demo-pack	bridge growth	generated	near_wave_deterministic_v0	F3		N2025_23	F3	J	Commercial				cat1		cat1					A	18:34:00	18		1410	B757		NB	D										
F3N2025_24A	F3N2025_25D	standard_turn	generated	2025	S	Base	AHB-demo-pack	bridge growth	generated	near_wave_deterministic_v0	F3		N2025_24	F3	J	Commercial				cat1		cat1					A	18:41:00	18		37	B787		NB	E										
F3N2025_25A	F3N2025_27D	standard_turn	generated	2025	S	Base	AHB-demo-pack	bridge growth	generated	near_wave_deterministic_v0	F3		N2025_25	F3	J	Commercial				cat1		cat1					A	19:48:00	19		44	B787		NB	E										
F3N2025_26A	F3N2025_24D	night_stop	generated	2025	S	Base	AHB-demo-pack	bridge growth	generated	near_wave_deterministic_v0	F3		N2025_26	F3	J	Commercial				cat1		cat1					A	19:55:00	19		1336	B787		NB	E										
F3N2025_27A	F3N2025_26D	night_stop	generated	2025	S	Base	AHB-demo-pack	bridge growth	generated	near_wave_deterministic_v0	F3		N2025_27	F3	J	Commercial				cat1		cat1					A	20:02:00	20		1403	B787		NB	E										
F3N2025_28A	F3N2025_28D	standard_turn	generated	2025	S	Base	AHB-demo-pack	bridge growth	generated	near_wave_deterministic_v0	F3		N2025_28	F3	J	Commercial				cat1		cat1					A	21:09:00	21		30	E190		NB	C										
SV1680_SP	SV1679_SP	standard_turn	SP	2025	S	Base	AHB-demo-pack	OAG bank export		near_wave_deterministic_v0	SV		1680	SV	J	Commercial	RUH										D	00:30:00	0		0	333		WB	E	288									
XY436_SP	XY435_SP	standard_turn	SP	2025	S	Base	AHB-demo-pack	OAG bank export		near_wave_deterministic_v0	XY		436	XY	J	Commercial	JED										D	01:05:00	1		0	32N		NB	C	170									
F3438_SP	F3437_SP	standard_turn	SP	2025	S	Base	AHB-demo-pack	OAG bank export		near_wave_deterministic_v0	F3		438	F3	J	Commercial	DMM										D	01:30:00	1		0	320		NB	C	186									
SV1643_SP	SV1640_SP	standard_turn	SP	2025	S	Base	AHB-demo-pack	OAG bank export		near_wave_deterministic_v0	SV		1643	SV	J	Commercial	JED										D	01:45:00	1		0	320		NB	C	144									
F328_SP	F327_SP	standard_turn	SP	2025	S	Base	AHB-demo-pack	OAG bank export		near_wave_deterministic_v0	F3		28	F3	J	Commercial	RUH										D	02:20:00	2		0	320		NB	C	186									
SV1645_SP	SV1642_SP	standard_turn	SP	2025	S	Base	AHB-demo-pack	OAG bank export		near_wave_deterministic_v0	SV		1645	SV	J	Commercial	JED										D	04:45:00	4		0	320		NB	C	144									
XY782_SP	XY781_SP	standard_turn	SP	2025	S	Base	AHB-demo-pack	OAG bank export		near_wave_deterministic_v0	XY		782	XY	J	Commercial	TUU										D	05:40:00	5		0	32N		NB	C	170									
F3336_SP	F3335_SP	standard_turn	SP	2025	S	Base	AHB-demo-pack	OAG bank export		near_wave_deterministic_v0	F3		336	F3	J	Commercial	JED										D	05:50:00	5		0	320		NB	C	186									
F314_SP	F313_SP	standard_turn	SP	2025	S	Base	AHB-demo-pack	OAG bank export		near_wave_deterministic_v0	F3		14	F3	J	Commercial	RUH										D	06:20:00	6		0	320		NB	C	186									
SV1662_SP	SV1661_SP	standard_turn	SP	2025	S	Base	AHB-demo-pack	OAG bank export		near_wave_deterministic_v0	SV		1662	SV	J	Commercial	RUH										D	06:50:00	6		0	330		WB	E	330									
SM444_SP	SM443_SP	standard_turn	SP	2025	S	Base	AHB-demo-pack	OAG bank export		near_wave_deterministic_v0	SM		444	SM	J	Commercial	CAI										D	06:50:00	6		0	320		NB	C	180									
XY84_SP	XY83_SP	standard_turn	SP	2025	S	Base	AHB-demo-pack	OAG bank export		near_wave_deterministic_v0	XY		84	XY	J	Commercial	RUH										D	07:45:00	7		0	32N		NB	C	170									
F3334_SP	F3333_SP	standard_turn	SP	2025	S	Base	AHB-demo-pack	OAG bank export		near_wave_deterministic_v0	F3		334	F3	J	Commercial	JED										D	08:15:00	8		0	320		NB	C	186									
SV1647_SP	SV1644_SP	standard_turn	SP	2025	S	Base	AHB-demo-pack	OAG bank export		near_wave_deterministic_v0	SV		1647	SV	J	Commercial	JED										D	08:40:00	8		0	320		NB	C	144									
SV1664_SP	SV1663_SP	standard_turn	SP	2025	S	Base	AHB-demo-pack	OAG bank export		near_wave_deterministic_v0	SV		1664	SV	J	Commercial	RUH										D	08:50:00	8		0	320		NB	C	144									
XY426_SP	XY425_SP	standard_turn	SP	2025	S	Base	AHB-demo-pack	OAG bank export		near_wave_deterministic_v0	XY		426	XY	J	Commercial	JED										D	08:50:00	8		0	32N		NB	C	170									
XY82_SP	XY81_SP	standard_turn	SP	2025	S	Base	AHB-demo-pack	OAG bank export		near_wave_deterministic_v0	XY		82	XY	J	Commercial	RUH										D	08:55:00	8		0	32N		NB	C	170									
F316_SP	F315_SP	standard_turn	SP	2025	S	Base	AHB-demo-pack	OAG bank export		near_wave_deterministic_v0	F3		16	F3	J	Commercial	RUH										D	11:40:00	11		0	320		NB	C	186									
XY710_SP	XY709_SP	standard_turn	SP	2025	S	Base	AHB-demo-pack	OAG bank export		near_wave_deterministic_v0	XY		710	XY	J	Commercial	DMM										D	11:50:00	11		0	32N		NB	C	170									
SV1670_SP	SV1669_SP	standard_turn	SP	2025	S	Base	AHB-demo-pack	OAG bank export		near_wave_deterministic_v0	SV		1670	SV	J	Commercial	RUH										D	12:35:00	12		0	320		NB	C	144									
QR1213_SP	QR1212_SP	standard_turn	SP	2025	S	Base	AHB-demo-pack	OAG bank export		near_wave_deterministic_v0	QR		1213	QR	J	Commercial	DOH										D	12:40:00	12		0	320		NB	C	144									
FZ816_SP	FZ815_SP	standard_turn	SP	2025	S	Base	AHB-demo-pack	OAG bank export		near_wave_deterministic_v0	FZ		816	FZ	J	Commercial	DXB										D	13:15:00	13		0	7M8		NB	C	174									
F3338_SP	F3337_SP	standard_turn	SP	2025	S	Base	AHB-demo-pack	OAG bank export		near_wave_deterministic_v0	F3		338	F3	J	Commercial	JED										D	13:45:00	13		0	320		NB	C	186									
F318_SP	F317_SP	standard_turn	SP	2025	S	Base	AHB-demo-pack	OAG bank export		near_wave_deterministic_v0	F3		18	F3	J	Commercial	RUH										D	14:00:00	14		0	320		NB	C	186									
SV1649_SP	SV1646_SP	standard_turn	SP	2025	S	Base	AHB-demo-pack	OAG bank export		near_wave_deterministic_v0	SV		1649	SV	J	Commercial	JED										D	14:15:00	14		0	320		NB	C	144									
G9196_SP	G9195_SP	standard_turn	SP	2025	S	Base	AHB-demo-pack	OAG bank export		near_wave_deterministic_v0	G9		196	G9	J	Commercial	SHJ										D	15:20:00	15		0	320		NB	C	174									
XY90_SP	XY89_SP	standard_turn	SP	2025	S	Base	AHB-demo-pack	OAG bank export		near_wave_deterministic_v0	XY		90	XY	J	Commercial	RUH										D	15:20:00	15		0	32N		NB	C	170									
SV1672_SP	SV1671_SP	standard_turn	SP	2025	S	Base	AHB-demo-pack	OAG bank export		near_wave_deterministic_v0	SV		1672	SV	J	Commercial	RUH										D	16:05:00	16		0	333		WB	E	298									
SV1651_SP	SV1648_SP	standard_turn	SP	2025	S	Base	AHB-demo-pack	OAG bank export		near_wave_deterministic_v0	SV		1651	SV	J	Commercial	JED										D	16:30:00	16		0	333		WB	E	298									
XY738_SP	XY737_SP	standard_turn	SP	2025	S	Base	AHB-demo-pack	OAG bank export		near_wave_deterministic_v0	XY		738	XY	J	Commercial	DMM										D	17:10:00	17		0	32N		NB	C	170									
XY86_SP	XY85_SP	standard_turn	SP	2025	S	Base	AHB-demo-pack	OAG bank export		near_wave_deterministic_v0	XY		86	XY	J	Commercial	RUH										D	17:15:00	17		0	32N		NB	C	170									
F320_SP	F319_SP	standard_turn	SP	2025	S	Base	AHB-demo-pack	OAG bank export		near_wave_deterministic_v0	F3		20	F3	J	Commercial	RUH										D	17:40:00	17		0	320		NB	C	186									
F3432_SP	F3431_SP	standard_turn	SP	2025	S	Base	AHB-demo-pack	OAG bank export		near_wave_deterministic_v0	F3		432	F3	J	Commercial	DMM										D	17:40:00	17		0	320		NB	C	186									
F3342_SP	F3341_SP	standard_turn	SP	2025	S	Base	AHB-demo-pack	OAG bank export		near_wave_deterministic_v0	F3		342	F3	J	Commercial	JED										D	18:05:00	18		0	320		NB	C	186									
SV1676_SP	SV1675_SP	standard_turn	SP	2025	S	Base	AHB-demo-pack	OAG bank export		near_wave_deterministic_v0	SV		1676	SV	J	Commercial	RUH										D	18:35:00	18		0	330		WB	E	330									
FZ814_SP	FZ813_SP	standard_turn	SP	2025	S	Base	AHB-demo-pack	OAG bank export		near_wave_deterministic_v0	FZ		814	FZ	J	Commercial	DXB										D	18:55:00	18		0	7M8		NB	C	174									
F322_SP	F321_SP	standard_turn	SP	2025	S	Base	AHB-demo-pack	OAG bank export		near_wave_deterministic_v0	F3		22	F3	J	Commercial	RUH										D	19:05:00	19		0	320		NB	C	186									
SV1653_SP	SV1650_SP	standard_turn	SP	2025	S	Base	AHB-demo-pack	OAG bank export		near_wave_deterministic_v0	SV		1653	SV	J	Commercial	JED										D	19:50:00	19		0	320		NB	C	144									
F324_SP	F323_SP	standard_turn	SP	2025	S	Base	AHB-demo-pack	OAG bank export		near_wave_deterministic_v0	F3		24	F3	J	Commercial	RUH										D	20:40:00	20		0	320		NB	C	186									
XY92_SP	XY91_SP	standard_turn	SP	2025	S	Base	AHB-demo-pack	OAG bank export		near_wave_deterministic_v0	XY		92	XY	J	Commercial	RUH										D	20:55:00	20		0	32N		NB	C	170									
SV1678_SP	SV1677_SP	standard_turn	SP	2025	S	Base	AHB-demo-pack	OAG bank export		near_wave_deterministic_v0	SV		1678	SV	J	Commercial	RUH										D	21:00:00	21		0	320		NB	C	144									
SV1655_SP	SV1652_SP	standard_turn	SP	2025	S	Base	AHB-demo-pack	OAG bank export		near_wave_deterministic_v0	SV		1655	SV	J	Commercial	JED										D	22:15:00	22		0	333		WB	E	288									
SV1674_SP	SV1673_SP	standard_turn	SP	2025	S	Base	AHB-demo-pack	OAG bank export		near_wave_deterministic_v0	SV		1674	SV	J	Commercial	RUH										D	22:30:00	22		0	320		NB	C	144									
E5512_SP	E5511_SP	standard_turn	SP	2025	S	Base	AHB-demo-pack	OAG bank export		near_wave_deterministic_v0	E5		512	E5	J	Commercial	CAI										D	22:50:00	22		0	320		NB	C	170									
F3436_SP	F3435_SP	standard_turn	SP	2025	S	Base	AHB-demo-pack	OAG bank export		near_wave_deterministic_v0	F3		436	F3	J	Commercial	DMM										D	23:15:00	23		0	320		NB	C	186									
F3346_SP	F3345_SP	standard_turn	SP	2025	S	Base	AHB-demo-pack	OAG bank export		near_wave_deterministic_v0	F3		346	F3	J	Commercial	JED										D	23:25:00	23		0	320		NB	C	186									
3LN2025_1D	3LN2025_1A	standard_turn	generated	2025	S	Base	AHB-demo-pack	bridge growth	generated	near_wave_deterministic_v0	3L		N2025_1	3L	J	Commercial				cat2		cat2					D	07:30:00	7		0	B737		NB	C										
5WN2025_1D	5WN2025_1A	standard_turn	generated	2025	S	Base	AHB-demo-pack	bridge growth	generated	near_wave_deterministic_v0	5W		N2025_1	5W	J	Commercial				cat2		cat2					D	07:30:00	7		0	B737		NB	C										
F3N2025_1D	F3N2025_1A	standard_turn	generated	2025	S	Base	AHB-demo-pack	bridge growth	generated	near_wave_deterministic_v0	F3		N2025_1	F3	J	Commercial				cat1		cat1					D	07:30:00	7		0	A320		NB	C										
OTHN2025_1D	OTHN2025_1A	standard_turn	generated	2025	S	Base	AHB-demo-pack	bridge growth	generated	near_wave_deterministic_v0	OTH		N2025_1	OTH	J	Commercial				cat2		cat2					D	07:30:00	7		0	B737		NB	C										
SWN2025_1D	SWN2025_1A	standard_turn	generated	2025	S	Base	AHB-demo-pack	bridge growth	generated	near_wave_deterministic_v0	SW		N2025_1	SW	J	Commercial				cat2		cat2					D	07:30:00	7		0	B737		NB	C										
XYN2025_1D	XYN2025_1A	standard_turn	generated	2025	S	Base	AHB-demo-pack	bridge growth	generated	near_wave_deterministic_v0	XY		N2025_1	XY	J	Commercial				cat2		cat2					D	07:30:00	7		0	B737		NB	C										
F3N2025_2D	F3N2025_2A	standard_turn	generated	2025	S	Base	AHB-demo-pack	bridge growth	generated	near_wave_deterministic_v0	F3		N2025_2	F3	J	Commercial				cat2		cat2					D	07:37:00	7		0	A320		NB	C										
F3N2025_3D	F3N2025_3A	standard_turn	generated	2025	S	Base	AHB-demo-pack	bridge growth	generated	near_wave_deterministic_v0	F3		N2025_3	F3	J	Commercial				cat2		cat2					D	07:44:00	7		0	A320		NB	C										
F3N2025_4D	F3N2025_4A	standard_turn	generated	2025	S	Base	AHB-demo-pack	bridge growth	generated	near_wave_deterministic_v0	F3		N2025_4	F3	J	Commercial				cat2		cat2					D	07:51:00	7		0	A320		NB	C										
F3N2025_6D	F3N2025_8A	night_stop	generated	2025	S	Base	AHB-demo-pack	bridge growth	generated	near_wave_deterministic_v0	F3		N2025_6	F3	J	Commercial				cat1		cat1					D	08:05:00	8		0	A321		NB	C										
F3N2025_7D	F3N2025_10A	night_stop	generated	2025	S	Base	AHB-demo-pack	bridge growth	generated	near_wave_deterministic_v0	F3		N2025_7	F3	J	Commercial				cat1		cat1					D	08:12:00	8		0	A321		NB	C										
F3N2025_8D	F3N2025_9A	night_stop	generated	2025	S	Base	AHB-demo-pack	bridge growth	generated	near_wave_deterministic_v0	F3		N2025_8	F3	J	Commercial				cat1		cat1					D	08:19:00	8		0	A321		NB	C										
3LN2025_2D	3LN2025_2A	standard_turn	generated	2025	S	Base	AHB-demo-pack	bridge growth	generated	near_wave_deterministic_v0	3L		N2025_2	3L	J	Commercial				cat2		cat2					D	08:37:00	8		0	B737		NB	C										
5WN2025_2D	5WN2025_2A	standard_turn	generated	2025	S	Base	AHB-demo-pack	bridge growth	generated	near_wave_deterministic_v0	5W		N2025_2	5W	J	Commercial				cat2		cat2					D	08:37:00	8		0	B737		NB	C										
OTHN2025_2D	OTHN2025_2A	standard_turn	generated	2025	S	Base	AHB-demo-pack	bridge growth	generated	near_wave_deterministic_v0	OTH		N2025_2	OTH	J	Commercial				cat2		cat2					D	08:37:00	8		0	B737		NB	C										
SWN2025_2D	SWN2025_2A	standard_turn	generated	2025	S	Base	AHB-demo-pack	bridge growth	generated	near_wave_deterministic_v0	SW		N2025_2	SW	J	Commercial				cat2		cat2					D	08:37:00	8		0	B737		NB	C										
XYN2025_2D	XYN2025_2A	standard_turn	generated	2025	S	Base	AHB-demo-pack	bridge growth	generated	near_wave_deterministic_v0	XY		N2025_2	XY	J	Commercial				cat2		cat2					D	08:37:00	8		0	B737		NB	C										
F3N2025_5D	F3N2025_5A	standard_turn	generated	2025	S	Base	AHB-demo-pack	bridge growth	generated	near_wave_deterministic_v0	F3		N2025_5	F3	J	Commercial				cat3		cat3					D	08:58:00	8		0	A320		NB	C										
F3N2025_9D	F3N2025_6A	standard_turn	generated	2025	S	Base	AHB-demo-pack	bridge growth	generated	near_wave_deterministic_v0	F3		N2025_9	F3	J	Commercial				cat1		cat1					D	09:26:00	9		0	A321		NB	C										
F3N2025_10D	F3N2025_7A	standard_turn	generated	2025	S	Base	AHB-demo-pack	bridge growth	generated	near_wave_deterministic_v0	F3		N2025_10	F3	J	Commercial				cat1		cat1					D	09:33:00	9		0	A321		NB	C										
F3N2025_11D	F3N2025_11A	standard_turn	generated	2025	S	Base	AHB-demo-pack	bridge growth	generated	near_wave_deterministic_v0	F3		N2025_11	F3	J	Commercial				cat1		cat1					D	10:40:00	10		0	A350		NB	E										
F3N2025_12D	F3N2025_12A	standard_turn	generated	2025	S	Base	AHB-demo-pack	bridge growth	generated	near_wave_deterministic_v0	F3		N2025_12	F3	J	Commercial				cat1		cat1					D	13:47:00	13		0	A350		NB	E										
F3N2025_13D	F3N2025_13A	standard_turn	generated	2025	S	Base	AHB-demo-pack	bridge growth	generated	near_wave_deterministic_v0	F3		N2025_13	F3	J	Commercial				cat1		cat1					D	13:54:00	13		0	A350		NB	E										
F3N2025_14D	F3N2025_17A	night_stop	generated	2025	S	Base	AHB-demo-pack	bridge growth	generated	near_wave_deterministic_v0	F3		N2025_14	F3	J	Commercial				cat5		cat5					D	14:01:00	14		0	A350		NB	E										
F3N2025_15D	F3N2025_14A	standard_turn	generated	2025	S	Base	AHB-demo-pack	bridge growth	generated	near_wave_deterministic_v0	F3		N2025_15	F3	J	Commercial				cat5		cat5					D	15:08:00	15		0	A350		NB	E										
F3N2025_16D	F3N2025_15A	standard_turn	generated	2025	S	Base	AHB-demo-pack	bridge growth	generated	near_wave_deterministic_v0	F3		N2025_16	F3	J	Commercial				cat5		cat5					D	16:15:00	16		0	A350		NB	E										
F3N2025_17D	F3N2025_16A	standard_turn	generated	2025	S	Base	AHB-demo-pack	bridge growth	generated	near_wave_deterministic_v0	F3		N2025_17	F3	J	Commercial				cat6		cat6					D	17:22:00	17		0	A350		NB	E										
F3N2025_18D	F3N2025_18A	night_stop	generated	2025	S	Base	AHB-demo-pack	bridge growth	generated	near_wave_deterministic_v0	F3		N2025_18	F3	J	Commercial				cat6		cat6					D	17:29:00	17		0	A350		NB	E										
F3N2025_19D	F3N2025_19A	standard_turn	generated	2025	S	Base	AHB-demo-pack	bridge growth	generated	near_wave_deterministic_v0	F3		N2025_19	F3	J	Commercial				cat7		cat7					D	17:36:00	17		0	A350		NB	E										
F3N2025_20D	F3N2025_20A	standard_turn	generated	2025	S	Base	AHB-demo-pack	bridge growth	generated	near_wave_deterministic_v0	F3		N2025_20	F3	J	Commercial				cat1		cat1					D	17:43:00	17		0	B737		NB	C										
3LN2025_3D	3LN2025_3A	standard_turn	generated	2025	S	Base	AHB-demo-pack	bridge growth	generated	near_wave_deterministic_v0	3L		N2025_3	3L	J	Commercial				cat2		cat2					D	17:44:00	17		0	B737		NB	C										
5WN2025_3D	5WN2025_3A	standard_turn	generated	2025	S	Base	AHB-demo-pack	bridge growth	generated	near_wave_deterministic_v0	5W		N2025_3	5W	J	Commercial				cat2		cat2					D	17:44:00	17		0	B737		NB	C										
OTHN2025_3D	OTHN2025_3A	standard_turn	generated	2025	S	Base	AHB-demo-pack	bridge growth	generated	near_wave_deterministic_v0	OTH		N2025_3	OTH	J	Commercial				cat2		cat2					D	17:44:00	17		0	B737		NB	C										
SWN2025_3D	SWN2025_3A	standard_turn	generated	2025	S	Base	AHB-demo-pack	bridge growth	generated	near_wave_deterministic_v0	SW		N2025_3	SW	J	Commercial				cat2		cat2					D	17:44:00	17		0	B737		NB	C										
XYN2025_3D	XYN2025_3A	standard_turn	generated	2025	S	Base	AHB-demo-pack	bridge growth	generated	near_wave_deterministic_v0	XY		N2025_3	XY	J	Commercial				cat2		cat2					D	17:44:00	17		0	B737		NB	C										
F3N2025_23D	F3N2025_23A	night_stop	generated	2025	S	Base	AHB-demo-pack	bridge growth	generated	near_wave_deterministic_v0	F3		N2025_23	F3	J	Commercial				cat1		cat1					D	18:04:00	18		0	B757		NB	D										
F3N2025_24D	F3N2025_26A	night_stop	generated	2025	S	Base	AHB-demo-pack	bridge growth	generated	near_wave_deterministic_v0	F3		N2025_24	F3	J	Commercial				cat1		cat1					D	18:11:00	18		0	B787		NB	E										
F3N2025_21D	F3N2025_21A	standard_turn	generated	2025	S	Base	AHB-demo-pack	bridge growth	generated	near_wave_deterministic_v0	F3		N2025_21	F3	J	Commercial				cat1		cat1					D	18:50:00	18		0	B737		NB	C										
3LN2025_4D	3LN2025_4A	standard_turn	generated	2025	S	Base	AHB-demo-pack	bridge growth	generated	near_wave_deterministic_v0	3L		N2025_4	3L	J	Commercial				cat2		cat2					D	18:51:00	18		0	B737		NB	C										
5WN2025_4D	5WN2025_4A	standard_turn	generated	2025	S	Base	AHB-demo-pack	bridge growth	generated	near_wave_deterministic_v0	5W		N2025_4	5W	J	Commercial				cat2		cat2					D	18:51:00	18		0	B737		NB	C										
OTHN2025_4D	OTHN2025_4A	standard_turn	generated	2025	S	Base	AHB-demo-pack	bridge growth	generated	near_wave_deterministic_v0	OTH		N2025_4	OTH	J	Commercial				cat2		cat2					D	18:51:00	18		0	B737		NB	C										
SWN2025_4D	SWN2025_4A	standard_turn	generated	2025	S	Base	AHB-demo-pack	bridge growth	generated	near_wave_deterministic_v0	SW		N2025_4	SW	J	Commercial				cat2		cat2					D	18:51:00	18		0	B737		NB	C										
XYN2025_4D	XYN2025_4A	standard_turn	generated	2025	S	Base	AHB-demo-pack	bridge growth	generated	near_wave_deterministic_v0	XY		N2025_4	XY	J	Commercial				cat2		cat2					D	18:51:00	18		0	B737		NB	C										
F3N2025_22D	F3N2025_22A	standard_turn	generated	2025	S	Base	AHB-demo-pack	bridge growth	generated	near_wave_deterministic_v0	F3		N2025_22	F3	J	Commercial				cat1		cat1					D	18:57:00	18		0	B757		NB	D										
F3N2025_25D	F3N2025_24A	standard_turn	generated	2025	S	Base	AHB-demo-pack	bridge growth	generated	near_wave_deterministic_v0	F3		N2025_25	F3	J	Commercial				cat1		cat1					D	19:18:00	19		0	B787		NB	E										
F3N2025_26D	F3N2025_27A	night_stop	generated	2025	S	Base	AHB-demo-pack	bridge growth	generated	near_wave_deterministic_v0	F3		N2025_26	F3	J	Commercial				cat1		cat1					D	19:25:00	19		0	B787		NB	E										
F3N2025_27D	F3N2025_25A	standard_turn	generated	2025	S	Base	AHB-demo-pack	bridge growth	generated	near_wave_deterministic_v0	F3		N2025_27	F3	J	Commercial				cat1		cat1					D	20:32:00	20		0	B787		NB	E										
F3N2025_28D	F3N2025_28A	standard_turn	generated	2025	S	Base	AHB-demo-pack	bridge growth	generated	near_wave_deterministic_v0	F3		N2025_28	F3	J	Commercial				cat1		cat1					D	21:39:00	21		0	E190		NB	C										
