#	Flight direction	Block time	Airline	Aircraft code	Domestic/International	Passengers	Type
1	A	00:20:00	XY	32N			Commercial
2	D	00:30:00	SV	333			Commercial
3	A	00:35:00	F3	320			Commercial
4	A	01:05:00	SV	320			Commercial
5	D	01:05:00	XY	32N			Commercial
6	D	01:30:00	F3	320			Commercial
7	A	01:40:00	F3	320			Commercial
8	D	01:45:00	SV	320			Commercial
9	D	02:20:00	F3	320			Commercial
10	A	04:05:00	SV	320			Commercial
11	D	04:45:00	SV	320			Commercial
12	A	04:50:00	XY	32N			Commercial
13	A	05:10:00	F3	320			Commercial
14	A	05:40:00	F3	320			Commercial
15	D	05:40:00	XY	32N			Commercial
16	A	05:50:00	SM	320			Commercial
17	D	05:50:00	F3	320			Commercial
18	A	05:55:00	SV	330			Commercial
19	D	06:20:00	F3	320			Commercial
20	D	06:50:00	SV	330			Commercial
21	D	06:50:00	SM	320			Commercial
22	A	07:00:00	XY	32N			Commercial
23	A	07:00:00	3L	B737			Commercial
24	A	07:00:00	5W	B737			Commercial
25	A	07:00:00	F3	A320			Commercial
26	A	07:00:00	OTH	B737			Commercial
27	A	07:00:00	SW	B737			Commercial
28	A	07:00:00	XY	B737			Commercial
29	A	07:07:00	F3	A320			Commercial
30	A	07:14:00	F3	A320			Commercial
31	D	07:30:00	3L	B737			Commercial
32	D	07:30:00	5W	B737			Commercial
33	D	07:30:00	F3	A320			Commercial
34	D	07:30:00	OTH	B737			Commercial
35	D	07:30:00	SW	B737			Commercial
36	D	07:30:00	XY	B737			Commercial
37	A	07:35:00	F3	320			Commercial
38	D	07:37:00	F3	A320			Commercial
39	D	07:44:00	F3	A320			Commercial
40	D	07:45:00	XY	32N			Commercial
41	A	08:00:00	SV	320			Commercial
42	A	08:05:00	SV	320			Commercial
43	A	08:05:00	XY	32N			Commercial
44	D	08:05:00	F3	A321			Commercial
45	A	08:10:00	XY	32N			Commercial
46	D	08:15:00	F3	320			Commercial
47	A	08:21:00	F3	A321			Commercial
48	A	08:28:00	F3	A321			Commercial
49	A	08:35:00	F3	A321			Commercial
50	D	08:40:00	SV	320			Commercial
51	D	08:50:00	SV	320			Commercial
52	D	08:50:00	XY	32N			Commercial
53	D	08:51:00	F3	A321			Commercial
54	D	08:55:00	XY	32N			Commercial
55	D	08:58:00	F3	A321			Commercial
56	D	09:12:00	F3	A321			Commercial
57	D	09:19:00	F3	A321			Commercial
58	A	09:42:00	F3	A321			Commercial
59	A	09:49:00	F3	A321			Commercial
60	D	10:26:00	F3	A350			Commercial
61	A	10:56:00	F3	A350			Commercial
62	A	11:00:00	F3	320			Commercial
63	A	11:05:00	XY	32N			Commercial
64	A	11:15:00	QR	320			Commercial
65	D	11:40:00	F3	320			Commercial
66	A	11:50:00	SV	320			Commercial
67	D	11:50:00	XY	32N			Commercial
68	A	12:15:00	FZ	7M8			Commercial
69	D	12:35:00	SV	320			Commercial
70	D	12:40:00	QR	320			Commercial
71	A	13:03:00	F3	A350			Commercial
72	A	13:05:00	F3	320			Commercial
73	D	13:15:00	FZ	7M8			Commercial
74	A	13:20:00	F3	320			Commercial
75	D	13:33:00	F3	A350			Commercial
76	A	13:35:00	SV	320			Commercial
77	D	13:45:00	F3	320			Commercial
78	D	14:00:00	F3	320			Commercial
79	A	14:10:00	F3	A350			Commercial
80	D	14:15:00	SV	320			Commercial
81	A	14:30:00	G9	320			Commercial
82	A	14:35:00	XY	32N			Commercial
83	D	14:40:00	F3	A350			Commercial
84	A	15:17:00	F3	A350			Commercial
85	A	15:20:00	SV	333			Commercial
86	D	15:20:00	G9	320			Commercial
87	D	15:20:00	XY	32N			Commercial
88	A	15:40:00	SV	333			Commercial
89	D	15:47:00	F3	A350			Commercial
90	D	16:05:00	SV	333			Commercial
91	A	16:24:00	F3	A350			Commercial
92	A	16:25:00	XY	32N			Commercial
93	A	16:30:00	XY	32N			Commercial
94	D	16:30:00	SV	333			Commercial
95	D	16:54:00	F3	A350			Commercial
96	A	17:00:00	F3	320			Commercial
97	D	17:01:00	F3	A350			Commercial
98	A	17:05:00	F3	320			Commercial
99	D	17:08:00	F3	B737			Commercial
100	D	17:10:00	XY	32N			Commercial
101	D	17:15:00	XY	32N			Commercial
102	D	17:15:00	F3	B737			Commercial
103	A	17:25:00	F3	320			Commercial
104	A	17:31:00	F3	A350			Commercial
105	A	17:38:00	F3	B737			Commercial
106	A	17:40:00	SV	330			Commercial
107	D	17:40:00	F3	320			Commercial
108	D	17:40:00	F3	320			Commercial
109	A	17:45:00	F3	B737			Commercial
110	A	17:55:00	FZ	7M8			Commercial
111	D	18:05:00	F3	320			Commercial
112	A	18:06:00	F3	B787			Commercial
113	A	18:20:00	F3	320			Commercial
114	D	18:22:00	F3	B757			Commercial
115	D	18:29:00	F3	B757			Commercial
116	D	18:35:00	SV	330			Commercial
117	D	18:36:00	F3	B787			Commercial
118	A	18:52:00	F3	B757			Commercial
119	D	18:55:00	FZ	7M8			Commercial
120	A	18:59:00	F3	B757			Commercial
121	D	19:05:00	F3	320			Commercial
122	A	19:10:00	SV	320			Commercial
123	A	19:13:00	F3	B787			Commercial
124	A	19:20:00	F3	B787			Commercial
125	D	19:43:00	F3	B787			Commercial
126	D	19:50:00	SV	320			Commercial
127	D	19:50:00	F3	B787			Commercial
128	A	20:00:00	F3	320			Commercial
129	A	20:05:00	SV	320			Commercial
130	A	20:10:00	XY	32N			Commercial
131	A	20:27:00	F3	B787			Commercial
132	D	20:40:00	F3	320			Commercial
133	D	20:55:00	XY	32N			Commercial
134	D	20:57:00	F3	B787			Commercial
135	D	21:00:00	SV	320			Commercial
136	D	21:04:00	F3	E190			Commercial
137	A	21:25:00	SV	333			Commercial
138	A	21:34:00	F3	E190			Commercial
139	A	21:50:00	SV	320			Commercial
140	A	21:50:00	E5	320			Commercial
141	D	22:15:00	SV	333			Commercial
142	D	22:30:00	SV	320			Commercial
143	A	22:35:00	F3	320			Commercial
144	A	22:45:00	F3	320			Commercial
145	D	22:50:00	E5	320			Commercial
146	D	23:15:00	F3	320			Commercial
147	D	23:25:00	F3	320			Commercial
148	A	23:40:00	SV	330			Commercial
