String	Airline	Origin	Equipment	Time	Hour	D/A	Year	Region2	AlCat	Pair	GroundTime	Type
F31008	F3	Middle East	A320	03:35:00	3	A	2025	Middle East	F3	F31009	100	Commercial
F31010	F3	Saudi Arabia	A320	07:45:00	7	A	2025	Saudi Arabia	F3	F31001	194.99999999999994	Commercial
F31002	F3	Middle East	A320	13:50:00	13	A	2025	Middle East	F3	F31003	120.00000000000006	Commercial
F31004	F3	Middle East	A320	18:50:00	18	A	2025	Middle East	F3	F31005	59.99999999999994	Commercial
F31006	F3	Middle East	A320	22:30:00	22	A	2025	Middle East	F3	F31007	135.00000000000023	Commercial
F31012	F3	Middle East	B737	10:55:00	10	A	2025	Middle East	F3	F31013	60.00000000000003	Commercial
F31014	F3	Saudi Arabia	B737	14:55:00	14	A	2025	Saudi Arabia	F3	F31011	1040	Commercial
F31018	F3	Saudi Arabia	A350	03:05:00	3	A	2025	Saudi Arabia	F3	F31027	130.00000000000017	Commercial
F31026	F3	Saudi Arabia	A350	03:10:00	3	A	2025	Saudi Arabia	F3	F31019	175.00000000000003	Commercial
F31028	F3	Saudi Arabia	A350	08:35:00	8	A	2025	Saudi Arabia	F3	F31021	155	Commercial
F31020	F3	Middle East	A350	09:55:00	9	A	2025	Middle East	F3	F31029	170.00000000000003	Commercial
F31022	F3	Saudi Arabia	A350	15:10:00	15	A	2025	Saudi Arabia	F3	F31023	159.99999999999991	Commercial
F31030	F3	Middle East	A350	16:15:00	16	A	2025	Middle East	F3	F31015	109.99999999999993	Commercial
F31024	F3	Saudi Arabia	A350	21:10:00	21	A	2025	Saudi Arabia	F3	F31025	149.99999999999994	Commercial
F31016	F3	Saudi Arabia	A350	21:25:00	21	A	2025	Saudi Arabia	F3	F31017	139.99999999999997	Commercial
F31032	F3	Saudi Arabia	A350	22:35:00	22	A	2025	Saudi Arabia	F3	F31031	1200	Commercial
F31040	F3	Africa	B787	04:20:00	4	A	2025	Africa	F3	F31035	284.99999999999994	Commercial
F31034	F3	Middle East	B787	06:10:00	6	A	2025	Middle East	F3	F31037	565.0000000000001	Commercial
F31036	F3	Saudi Arabia	B787	13:05:00	13	A	2025	Saudi Arabia	F3	F31039	645.0000000000001	Commercial
F31038	F3	Saudi Arabia	B787	21:15:00	21	A	2025	Saudi Arabia	F3	F31033	314.9999999999998	Commercial
F31048	F3	Europe	A321	05:00:00	5	A	2025	Europe	F3	F31041	50.0000000000001	Commercial
F31046	F3	Europe	A321	10:15:00	10	A	2025	Europe	F3	F31043	69.99999999999974	Commercial
F31042	F3	Saudi Arabia	A321	10:20:00	10	A	2025	Saudi Arabia	F3	F31047	139.99999999999997	Commercial
F31044	F3	Africa	A321	17:25:00	17	A	2025	Africa	F3	F31045	150.0000000000001	Commercial
F31050	F3	Europe	A321	21:25:00	21	A	2025	Europe	F3	F31049	610.0000000000001	Commercial
F31052	F3	North America	E190	20:45:00	20	A	2025	North America	F3	F31051	110.00000000000009	Commercial
F31056	F3	North America	B757	09:35:00	9	A	2025	North America	F3	F31053	865	Commercial
F31054	F3	Asia	B757	23:10:00	23	A	2025	Asia	F3	F31055	175	Commercial
F31086	F3	Saudi Arabia	A320	01:25:00	1	A	2030	Saudi Arabia	F3	F31087	109.99999999999982	Commercial
F31088	F3	Saudi Arabia	A320	06:15:00	6	A	2030	Saudi Arabia	F3	F31089	90	Commercial
F31090	F3	Saudi Arabia	A320	10:45:00	10	A	2030	Saudi Arabia	F3	F31091	14.999999999999947	Commercial
F31092	F3	Middle East	A320	13:40:00	13	A	2030	Middle East	F3	F31081	9.999999999999964	Commercial
F31082	F3	Saudi Arabia	A320	16:20:00	16	A	2030	Saudi Arabia	F3	F31083	65.00000000000009	Commercial
F31084	F3	Middle East	A320	20:05:00	20	A	2030	Middle East	F3	F31085	140.00000000000014	Commercial
F31094	F3	Saudi Arabia	B737	17:30:00	17	A	2030	Saudi Arabia	F3	F31095	85.00000000000001	Commercial
F31096	F3	Middle East	B737	21:35:00	21	A	2030	Middle East	F3	F31093	1025.0000000000002	Commercial
F31104	F3	Saudi Arabia	A350	01:30:00	1	A	2030	Saudi Arabia	F3	F31105	120.00000000000001	Commercial
F31112	F3	Middle East	A350	02:15:00	2	A	2030	Middle East	F3	F31099	350.00000000000006	Commercial
F31098	F3	Middle East	A350	05:00:00	5	A	2030	Middle East	F3	F31107	255.00000000000006	Commercial
F31106	F3	Saudi Arabia	A350	07:30:00	7	A	2030	Saudi Arabia	F3	F31101	445	Commercial
F31100	F3	Middle East	A350	11:45:00	11	A	2030	Middle East	F3	F31109	195.00000000000003	Commercial
F31108	F3	Middle East	A350	12:45:00	12	A	2030	Middle East	F3	F31103	555	Commercial
F31102	F3	Saudi Arabia	A350	18:55:00	18	A	2030	Saudi Arabia	F3	F31111	219.99999999999986	Commercial
F31110	F3	Saudi Arabia	A350	19:00:00	19	A	2030	Saudi Arabia	F3	F31097	380	Commercial
F31120	F3	Africa	B787	08:30:00	8	A	2030	Africa	F3	F31115	259.99999999999994	Commercial
F31114	F3	Middle East	B787	09:45:00	9	A	2030	Middle East	F3	F31117	530	Commercial
F31116	F3	Middle East	B787	16:30:00	16	A	2030	Middle East	F3	F31119	620	Commercial
F31118	F3	Africa	B787	23:45:00	23	A	2030	Africa	F3	F31113	390	Commercial
F31128	F3	Asia	A321	02:55:00	2	A	2030	Asia	F3	F31129	14.999999999999826	Commercial
F31124	F3	Middle East	A321	03:55:00	3	A	2030	Middle East	F3	F31125	20.00000000000005	Commercial
F31126	F3	Indian Sub Continent	A321	09:25:00	9	A	2030	Indian Sub Continent	F3	F31121	60.00000000000003	Commercial
F31122	F3	Middle East	A321	18:55:00	18	A	2030	Middle East	F3	F31123	40.000000000000014	Commercial
F31130	F3	Asia	A321	19:00:00	19	A	2030	Asia	F3	F31127	975	Commercial
F31132	F3	Asia	E190	19:05:00	19	A	2030	Asia	F3	F31131	109.99999999999977	Commercial
F31134	F3	Asia	B757	17:30:00	17	A	2030	Asia	F3	F31135	259.9999999999999	Commercial
F31136	F3	North America	B757	1900-01-01 01:40:00	1	A	2030	North America	F3	F31133	1270.0000000000002	Commercial
F31164	F3	Middle East	A320	00:30:00	0	A	2035	Middle East	F3	F31165	540.0000000000001	Commercial
F31172	F3	Middle East	A320	01:10:00	1	A	2035	Middle East	F3	F31167	810	Commercial
F31166	F3	Middle East	A320	12:30:00	12	A	2035	Middle East	F3	F31161	300.00000000000006	Commercial
F31168	F3	Middle East	A320	17:00:00	17	A	2035	Middle East	F3	F31169	59.99999999999994	Commercial
F31162	F3	Saudi Arabia	A320	20:20:00	20	A	2035	Saudi Arabia	F3	F31163	99.99999999999997	Commercial
F31170	F3	Saudi Arabia	A320	20:50:00	20	A	2035	Saudi Arabia	F3	F31171	90.00000000000016	Commercial
F31174	F3	Middle East	B737	05:35:00	5	A	2035	Middle East	F3	F31175	70.00000000000003	Commercial
F31176	F3	Saudi Arabia	B737	09:35:00	9	A	2035	Saudi Arabia	F3	F31173	1020	Commercial
F31180	F3	Saudi Arabia	A350	01:50:00	1	A	2035	Saudi Arabia	F3	F31181	225.00000000000009	Commercial
F31188	F3	Middle East	A350	04:55:00	4	A	2035	Middle East	F3	F31183	410	Commercial
F31182	F3	Middle East	A350	09:15:00	9	A	2035	Middle East	F3	F31177	254.99999999999997	Commercial
F31184	F3	Saudi Arabia	A350	15:15:00	15	A	2035	Saudi Arabia	F3	F31185	145.0000000000001	Commercial
F31178	F3	Saudi Arabia	A350	17:10:00	17	A	2035	Saudi Arabia	F3	F31179	279.99999999999994	Commercial
F31186	F3	Saudi Arabia	A350	21:30:00	21	A	2035	Saudi Arabia	F3	F31187	205	Commercial
F31196	F3	Middle East	B787	05:50:00	5	A	2035	Middle East	F3	F31189	65.00000000000001	Commercial
F31190	F3	Saudi Arabia	B787	10:35:00	10	A	2035	Saudi Arabia	F3	F31191	170.0000000000001	Commercial
F31192	F3	Middle East	B787	16:45:00	16	A	2035	Middle East	F3	F31193	119.99999999999989	Commercial
F31194	F3	Saudi Arabia	B787	22:25:00	22	A	2035	Saudi Arabia	F3	F31195	235	Commercial
F31204	F3	Middle East	A321	07:00:00	7	A	2035	Middle East	F3	F31205	94.99999999999999	Commercial
F31198	F3	Saudi Arabia	A321	10:25:00	10	A	2035	Saudi Arabia	F3	F31199	134.99999999999991	Commercial
F31206	F3	Europe	A321	13:55:00	13	A	2035	Europe	F3	F31201	270.00000000000017	Commercial
F31200	F3	Africa	A321	17:10:00	17	A	2035	Africa	F3	F31203	469.9999999999999	Commercial
F31202	F3	Middle East	A321	23:45:00	23	A	2035	Middle East	F3	F31197	410	Commercial
F31208	F3	Europe	E190	04:05:00	4	A	2035	Europe	F3	F31207	619.9999999999998	Commercial
F31210	F3	Asia	B757	07:55:00	7	A	2035	Asia	F3	F31211	99.99999999999997	Commercial
F31212	F3	North America	B757	20:45:00	20	A	2035	North America	F3	F31209	639.9999999999998	Commercial
F31246	F3	Saudi Arabia	A320	03:15:00	3	A	2040	Saudi Arabia	F3	F31247	80	Commercial
F31248	F3	Middle East	A320	06:55:00	6	A	2040	Middle East	F3	F31241	504.99999999999994	Commercial
F31242	F3	Saudi Arabia	A320	18:00:00	18	A	2040	Saudi Arabia	F3	F31243	145.0000000000001	Commercial
F31244	F3	Saudi Arabia	A320	23:05:00	23	A	2040	Saudi Arabia	F3	F31245	100.00000000000023	Commercial
F31250	F3	Middle East	B737	10:00:00	10	A	2040	Middle East	F3	F31251	69.99999999999999	Commercial
F31252	F3	Middle East	B737	13:50:00	13	A	2040	Middle East	F3	F31249	1030	Commercial
F31256	F3	Saudi Arabia	A350	04:55:00	4	A	2040	Saudi Arabia	F3	F31257	80.00000000000003	Commercial
F31264	F3	Saudi Arabia	A350	05:15:00	5	A	2040	Saudi Arabia	F3	F31259	490	Commercial
F31258	F3	Saudi Arabia	A350	09:55:00	9	A	2040	Saudi Arabia	F3	F31253	425	Commercial
F31260	F3	Saudi Arabia	A350	16:45:00	16	A	2040	Saudi Arabia	F3	F31261	179.99999999999983	Commercial
F31254	F3	Saudi Arabia	A350	21:00:00	21	A	2040	Saudi Arabia	F3	F31255	234.99999999999977	Commercial
F31262	F3	Saudi Arabia	A350	23:35:00	23	A	2040	Saudi Arabia	F3	F31263	129.99999999999977	Commercial
F31272	F3	Middle East	B787	05:55:00	5	A	2040	Middle East	F3	F31265	104.99999999999994	Commercial
F31266	F3	Saudi Arabia	B787	11:30:00	11	A	2040	Saudi Arabia	F3	F31267	110.00000000000009	Commercial
F31268	F3	Middle East	B787	17:20:00	17	A	2040	Middle East	F3	F31269	109.99999999999993	Commercial
F31270	F3	Middle East	B787	22:30:00	22	A	2040	Middle East	F3	F31271	245	Commercial
F31280	F3	Africa	A321	02:25:00	2	A	2040	Africa	F3	F31281	49.9999999999997	Commercial
F31282	F3	Europe	A321	09:05:00	9	A	2040	Europe	F3	F31275	84.99999999999994	Commercial
F31274	F3	Middle East	A321	09:25:00	9	A	2040	Middle East	F3	F31277	349.99999999999994	Commercial
F31276	F3	Saudi Arabia	A321	13:30:00	13	A	2040	Saudi Arabia	F3	F31279	435.00000000000006	Commercial
F31278	F3	Africa	A321	19:35:00	19	A	2040	Africa	F3	F31273	670	Commercial
F31284	F3	Asia	E190	02:35:00	2	A	2040	Asia	F3	F31283	460.00000000000006	Commercial
F31286	F3	Asia	B757	02:45:00	2	A	2040	Asia	F3	F31285	179.9999999999998	Commercial
F31288	F3	North America	B757	14:05:00	14	A	2040	North America	F3	F31287	969.9999999999997	Commercial
F31328	F3	Saudi Arabia	A320	00:35:00	0	A	2045	Saudi Arabia	F3	F31321	489.99999999999994	Commercial
F31322	F3	Saudi Arabia	A320	11:05:00	11	A	2045	Saudi Arabia	F3	F31323	140.00000000000006	Commercial
F31324	F3	Middle East	A320	16:25:00	16	A	2045	Middle East	F3	F31325	90	Commercial
F31326	F3	Saudi Arabia	A320	20:35:00	20	A	2045	Saudi Arabia	F3	F31327	60.00000000000011	Commercial
F31330	F3	Saudi Arabia	B737	18:10:00	18	A	2045	Saudi Arabia	F3	F31331	139.99999999999997	Commercial
F31332	F3	Middle East	B737	23:10:00	23	A	2045	Middle East	F3	F31329	980.0000000000002	Commercial
F31340	F3	Saudi Arabia	A350	02:45:00	2	A	2045	Saudi Arabia	F3	F31333	50.0000000000001	Commercial
F31334	F3	Middle East	A350	07:15:00	7	A	2045	Middle East	F3	F31335	185.00000000000006	Commercial
F31342	F3	Middle East	A350	07:50:00	7	A	2045	Middle East	F3	F31343	200	Commercial
F31336	F3	Middle East	A350	14:00:00	14	A	2045	Middle East	F3	F31337	199.99999999999994	Commercial
F31344	F3	Middle East	A350	14:30:00	14	A	2045	Middle East	F3	F31339	514.9999999999999	Commercial
F31338	F3	Middle East	A350	20:50:00	20	A	2045	Middle East	F3	F31341	450	Commercial
F31348	F3	Saudi Arabia	B787	03:20:00	3	A	2045	Saudi Arabia	F3	F31349	275	Commercial
F31350	F3	Middle East	B787	11:45:00	11	A	2045	Middle East	F3	F31351	100.00000000000004	Commercial
F31352	F3	Middle East	B787	16:55:00	16	A	2045	Middle East	F3	F31345	9.999999999999964	Commercial
F31346	F3	Saudi Arabia	B787	20:25:00	20	A	2045	Saudi Arabia	F3	F31347	214.99999999999977	Commercial
F31356	F3	Middle East	A321	02:00:00	2	A	2045	Middle East	F3	F31357	119.99999999999977	Commercial
F31362	F3	Africa	A321	02:55:00	2	A	2045	Africa	F3	F31359	419.9999999999998	Commercial
F31358	F3	Saudi Arabia	A321	07:10:00	7	A	2045	Saudi Arabia	F3	F31361	645	Commercial
F31360	F3	Middle East	A321	16:25:00	16	A	2045	Middle East	F3	F31353	135.00000000000017	Commercial
F31354	F3	Saudi Arabia	A321	21:30:00	21	A	2045	Saudi Arabia	F3	F31355	99.99999999999997	Commercial
F31364	F3	Europe	E190	18:20:00	18	A	2045	Europe	F3	F31363	570	Commercial
F31368	F3	Australasia	B757	02:05:00	2	A	2045	Australasia	F3	F31365	1200	Commercial
F31366	F3	Europe	B757	22:45:00	22	A	2045	Europe	F3	F31367	120	Commercial
F31402	F3	Middle East	A320	15:55:00	15	A	2050	Middle East	F3	F31403	115.00000000000007	Commercial
F31404	F3	Middle East	A320	20:50:00	20	A	2050	Middle East	F3	F31405	29.999999999999893	Commercial
F31406	F3	Middle East	A320	1900-01-01 00:00:00	0	A	2050	Middle East	F3	F31401	815.0000000000001	Commercial
F31408	F3	Middle East	B737	12:40:00	12	A	2050	Middle East	F3	F31409	69.99999999999991	Commercial
F31410	F3	Middle East	B737	16:30:00	16	A	2050	Middle East	F3	F31407	1030.0000000000002	Commercial
F31420	F3	Middle East	A350	00:50:00	0	A	2050	Middle East	F3	F31413	125.00000000000017	Commercial
F31414	F3	Middle East	A350	06:15:00	6	A	2050	Middle East	F3	F31415	105.00000000000003	Commercial
F31416	F3	Middle East	A350	11:40:00	11	A	2050	Middle East	F3	F31421	119.99999999999997	Commercial
F31422	F3	Middle East	A350	17:20:00	17	A	2050	Middle East	F3	F31411	99.99999999999997	Commercial
F31418	F3	Saudi Arabia	A350	17:20:00	17	A	2050	Saudi Arabia	F3	F31419	219.99999999999986	Commercial
F31412	F3	Middle East	A350	22:50:00	22	A	2050	Middle East	F3	F31417	910	Commercial
F31424	F3	Middle East	B787	00:55:00	0	A	2050	Middle East	F3	F31425	435.00000000000006	Commercial
F31426	F3	Saudi Arabia	B787	11:50:00	11	A	2050	Saudi Arabia	F3	F31427	100.00000000000004	Commercial
F31428	F3	Saudi Arabia	B787	17:00:00	17	A	2050	Saudi Arabia	F3	F31429	175.00000000000003	Commercial
F31430	F3	Saudi Arabia	B787	23:55:00	23	A	2050	Saudi Arabia	F3	F31423	1279.9999999999998	Commercial
F31440	F3	Middle East	A321	00:05:00	0	A	2050	Middle East	F3	F31431	54.99999999999986	Commercial
F31432	F3	Saudi Arabia	A321	03:50:00	3	A	2050	Saudi Arabia	F3	F31433	45	Commercial
F31434	F3	Saudi Arabia	A321	07:05:00	7	A	2050	Saudi Arabia	F3	F31435	139.99999999999997	Commercial
F31436	F3	Middle East	A321	11:45:00	11	A	2050	Middle East	F3	F31437	24.999999999999993	Commercial
F31438	F3	Middle East	A321	16:30:00	16	A	2050	Middle East	F3	F31439	105.00000000000011	Commercial
F31442	F3	Europe	E190	09:20:00	9	A	2050	Europe	F3	F31441	609.9999999999998	Commercial
F31444	F3	Asia	B757	09:00:00	9	A	2050	Asia	F3	F31445	154.9999999999997	Commercial
F31446	F3	North America	B757	18:55:00	18	A	2050	North America	F3	F31443	1025	Commercial
XY1006	XY	Africa	B737	00:40:00	0	A	2025	Africa	XY	XY1001	519.9999999999999	Commercial
XY1002	XY	Middle East	B737	13:40:00	13	A	2025	Middle East	XY	XY1003	75.00000000000006	Commercial
XY1084	XY	Africa	B737	04:15:00	4	A	2030	Africa	XY	XY1085	95.0000000000001	Commercial
XY1086	XY	Africa	B737	09:30:00	9	A	2030	Africa	XY	XY1081	505.00000000000006	Commercial
XY1166	XY	Middle East	B737	02:25:00	2	A	2035	Middle East	XY	XY1161	654.9999999999998	Commercial
XY1162	XY	Saudi Arabia	B737	16:40:00	16	A	2035	Saudi Arabia	XY	XY1163	30.000000000000053	Commercial
XY1242	XY	Middle East	B737	13:15:00	13	A	2040	Middle East	XY	XY1243	154.99999999999994	Commercial
XY1244	XY	GCC	B737	20:00:00	20	A	2040	GCC	XY	XY1241	755.0000000000001	Commercial
XY1324	XY	Saudi Arabia	B737	04:45:00	4	A	2045	Saudi Arabia	XY	XY1321	915.0000000000001	Commercial
XY1322	XY	Middle East	B737	23:30:00	23	A	2045	Middle East	XY	XY1323	105	Commercial
XY1402	XY	Saudi Arabia	B737	14:45:00	14	A	2050	Saudi Arabia	XY	XY1401	1220	Commercial
SW1008	SW	Middle East	B737	05:40:00	5	A	2025	Middle East	SW	SW1001	90	Commercial
SW1002	SW	Africa	B737	11:00:00	11	A	2025	Africa	SW	SW1007	880.0000000000001	Commercial
SW1082	SW	Africa	B737	12:20:00	12	A	2030	Africa	SW	SW1083	75.00000000000006	Commercial
SW1084	SW	Africa	B737	18:35:00	18	A	2030	Africa	SW	SW1081	795.0000000000001	Commercial
SW1164	SW	Africa	B737	03:25:00	3	A	2035	Africa	SW	SW1165	64.99999999999993	Commercial
SW1166	SW	Africa	B737	09:00:00	9	A	2035	Africa	SW	SW1161	430	Commercial
SW1242	SW	Middle East	B737	17:55:00	17	A	2040	Middle East	SW	SW1243	45.000000000000156	Commercial
SW1244	SW	Middle East	B737	21:50:00	21	A	2040	Middle East	SW	SW1241	915	Commercial
SW1322	SW	Africa	B737	12:15:00	12	A	2045	Africa	SW	SW1323	49.999999999999986	Commercial
SW1324	SW	Africa	B737	16:55:00	16	A	2045	Africa	SW	SW1321	870.0000000000001	Commercial
SW1402	SW	Africa	B737	21:25:00	21	A	2050	Africa	SW	SW1401	1200	Commercial
5W1006	5W	Middle East	B737	00:35:00	0	A	2025	Middle East	5W	5W1001	419.99999999999994	Commercial
5W1002	5W	GCC	B737	11:05:00	11	A	2025	GCC	5W	5W1003	119.99999999999989	Commercial
5W1082	5W	Africa	B737	12:05:00	12	A	2030	Africa	5W	5W1083	75.00000000000006	Commercial
5W1084	5W	Africa	B737	16:40:00	16	A	2030	Africa	5W	5W1081	955	Commercial
5W1164	5W	Africa	B737	04:40:00	4	A	2035	Africa	5W	5W1165	35.000000000000036	Commercial
5W1166	5W	Saudi Arabia	B737	09:25:00	9	A	2035	Saudi Arabia	5W	5W1161	515	Commercial
5W1244	5W	Africa	B737	02:55:00	2	A	2040	Africa	5W	5W1241	874.9999999999998	Commercial
5W1242	5W	Saudi Arabia	B737	21:50:00	21	A	2040	Saudi Arabia	5W	5W1243	54.999999999999964	Commercial
5W1324	5W	GCC	B737	03:55:00	3	A	2045	GCC	5W	5W1321	930	Commercial
5W1322	5W	Saudi Arabia	B737	23:25:00	23	A	2045	Saudi Arabia	5W	5W1323	50	Commercial
5W1402	5W	Africa	B737	12:25:00	12	A	2050	Africa	5W	5W1401	1240	Commercial
3L1004	3L	Africa	B737	03:30:00	3	A	2025	Africa	3L	3L1005	79.9999999999998	Commercial
3L1006	3L	Africa	B737	09:00:00	9	A	2025	Africa	3L	3L1007	59.99999999999994	Commercial
3L1086	3L	Africa	B737	01:30:00	1	A	2030	Africa	3L	3L1081	475	Commercial
3L1082	3L	Saudi Arabia	B737	13:55:00	13	A	2030	Saudi Arabia	3L	3L1083	85.00000000000001	Commercial
3L1166	3L	Saudi Arabia	B737	02:45:00	2	A	2035	Saudi Arabia	3L	3L1161	394.9999999999998	Commercial
3L1162	3L	Saudi Arabia	B737	13:20:00	13	A	2035	Saudi Arabia	3L	3L1163	120.00000000000006	Commercial
3L1244	3L	Africa	B737	05:35:00	5	A	2040	Africa	3L	3L1241	839.9999999999999	Commercial
3L1242	3L	Africa	B737	23:55:00	23	A	2040	Africa	3L	3L1243	70	Commercial
3L1322	3L	Saudi Arabia	B737	18:10:00	18	A	2045	Saudi Arabia	3L	3L1323	90.00000000000016	Commercial
3L1324	3L	GCC	B737	23:30:00	23	A	2045	GCC	3L	3L1321	860	Commercial
3L1402	3L	Middle East	B737	18:35:00	18	A	2050	Middle East	3L	3L1401	1200	Commercial
OTH1008	OTH	Africa	B737	02:25:00	2	A	2025	Africa	OTH	OTH1001	325.00000000000006	Commercial
OTH1002	OTH	Africa	B737	12:30:00	12	A	2025	Africa	OTH	OTH1003	54.999999999999964	Commercial
OTH1082	OTH	Africa	B737	10:40:00	10	A	2030	Africa	OTH	OTH1083	19.99999999999993	Commercial
OTH1084	OTH	Africa	B737	15:00:00	15	A	2030	Africa	OTH	OTH1081	970.0000000000002	Commercial
OTH1164	OTH	Saudi Arabia	B737	02:15:00	2	A	2035	Saudi Arabia	OTH	OTH1165	110.00000000000001	Commercial
OTH1166	OTH	Africa	B737	08:35:00	8	A	2035	Africa	OTH	OTH1161	570	Commercial
OTH1242	OTH	Saudi Arabia	B737	00:05:00	0	A	2040	Saudi Arabia	OTH	OTH1243	949.9999999999998	Commercial
OTH1244	OTH	Africa	B737	19:25:00	19	A	2040	Africa	OTH	OTH1241	1.5987211554602254e-13	Commercial
OTH1322	OTH	Africa	B737	13:20:00	13	A	2045	Africa	OTH	OTH1323	50.00000000000014	Commercial
OTH1324	OTH	Africa	B737	18:00:00	18	A	2045	Africa	OTH	OTH1321	880	Commercial
OTH1402	OTH	Africa	B737	23:05:00	23	A	2050	Africa	OTH	OTH1401	1220.0000000000002	Commercial
F31009	F3	Saudi Arabia	A320	05:15:00	5	D	2025	Saudi Arabia	F3	F31008	0	Commercial
F31001	F3	Middle East	A320	11:00:00	11	D	2025	Middle East	F3	F31010	0	Commercial
F31003	F3	Middle East	A320	15:50:00	15	D	2025	Middle East	F3	F31002	0	Commercial
F31005	F3	Middle East	A320	19:50:00	19	D	2025	Middle East	F3	F31004	0	Commercial
F31007	F3	Middle East	A320	00:45:00	0	D	2025	Middle East	F3	F31006	0	Commercial
F31013	F3	Saudi Arabia	B737	11:55:00	11	D	2025	Saudi Arabia	F3	F31012	0	Commercial
F31011	F3	Middle East	B737	08:15:00	8	D	2025	Middle East	F3	F31014	0	Commercial
F31027	F3	Saudi Arabia	A350	05:15:00	5	D	2025	Saudi Arabia	F3	F31018	0	Commercial
F31019	F3	Middle East	A350	06:05:00	6	D	2025	Middle East	F3	F31026	0	Commercial
F31021	F3	Saudi Arabia	A350	11:10:00	11	D	2025	Saudi Arabia	F3	F31028	0	Commercial
F31029	F3	Middle East	A350	12:45:00	12	D	2025	Middle East	F3	F31020	0	Commercial
F31023	F3	Saudi Arabia	A350	17:50:00	17	D	2025	Saudi Arabia	F3	F31022	0	Commercial
F31015	F3	Saudi Arabia	A350	18:05:00	18	D	2025	Saudi Arabia	F3	F31030	0	Commercial
F31025	F3	Saudi Arabia	A350	23:40:00	23	D	2025	Saudi Arabia	F3	F31024	0	Commercial
F31017	F3	Saudi Arabia	A350	23:45:00	23	D	2025	Saudi Arabia	F3	F31016	0	Commercial
F31031	F3	Saudi Arabia	A350	18:35:00	18	D	2025	Saudi Arabia	F3	F31032	0	Commercial
F31035	F3	Saudi Arabia	B787	09:05:00	9	D	2025	Saudi Arabia	F3	F31040	0	Commercial
F31037	F3	Saudi Arabia	B787	15:35:00	15	D	2025	Saudi Arabia	F3	F31034	0	Commercial
F31039	F3	Africa	B787	23:50:00	23	D	2025	Africa	F3	F31036	0	Commercial
F31033	F3	Middle East	B787	02:30:00	2	D	2025	Middle East	F3	F31038	0	Commercial
F31041	F3	Saudi Arabia	A321	05:50:00	5	D	2025	Saudi Arabia	F3	F31048	0	Commercial
F31043	F3	Africa	A321	11:25:00	11	D	2025	Africa	F3	F31046	0	Commercial
F31047	F3	Europe	A321	12:40:00	12	D	2025	Europe	F3	F31042	0	Commercial
F31045	F3	Europe	A321	19:55:00	19	D	2025	Europe	F3	F31044	0	Commercial
F31049	F3	Europe	A321	07:35:00	7	D	2025	Europe	F3	F31050	0	Commercial
F31051	F3	North America	E190	22:35:00	22	D	2025	North America	F3	F31052	0	Commercial
F31053	F3	Asia	B757	00:00:00	0	D	2025	Asia	F3	F31056	0	Commercial
F31055	F3	North America	B757	02:05:00	2	D	2025	North America	F3	F31054	0	Commercial
F31087	F3	Saudi Arabia	A320	03:15:00	3	D	2030	Saudi Arabia	F3	F31086	0	Commercial
F31089	F3	Saudi Arabia	A320	07:45:00	7	D	2030	Saudi Arabia	F3	F31088	0	Commercial
F31091	F3	Middle East	A320	11:00:00	11	D	2030	Middle East	F3	F31090	0	Commercial
F31081	F3	Saudi Arabia	A320	13:50:00	13	D	2030	Saudi Arabia	F3	F31092	0	Commercial
F31083	F3	Middle East	A320	17:25:00	17	D	2030	Middle East	F3	F31082	0	Commercial
F31085	F3	Saudi Arabia	A320	22:25:00	22	D	2030	Saudi Arabia	F3	F31084	0	Commercial
F31095	F3	Middle East	B737	18:55:00	18	D	2030	Middle East	F3	F31094	0	Commercial
F31093	F3	Saudi Arabia	B737	14:40:00	14	D	2030	Saudi Arabia	F3	F31096	0	Commercial
F31105	F3	Saudi Arabia	A350	03:30:00	3	D	2030	Saudi Arabia	F3	F31104	0	Commercial
F31099	F3	Middle East	A350	08:05:00	8	D	2030	Middle East	F3	F31112	0	Commercial
F31107	F3	Middle East	A350	09:15:00	9	D	2030	Middle East	F3	F31098	0	Commercial
F31101	F3	Saudi Arabia	A350	14:55:00	14	D	2030	Saudi Arabia	F3	F31106	0	Commercial
F31109	F3	Saudi Arabia	A350	15:00:00	15	D	2030	Saudi Arabia	F3	F31100	0	Commercial
F31103	F3	Saudi Arabia	A350	22:00:00	22	D	2030	Saudi Arabia	F3	F31108	0	Commercial
F31111	F3	Middle East	A350	22:35:00	22	D	2030	Middle East	F3	F31102	0	Commercial
F31097	F3	Middle East	A350	01:20:00	1	D	2030	Middle East	F3	F31110	0	Commercial
F31115	F3	Middle East	B787	12:50:00	12	D	2030	Middle East	F3	F31120	0	Commercial
F31117	F3	Africa	B787	18:35:00	18	D	2030	Africa	F3	F31114	0	Commercial
F31119	F3	Africa	B787	02:50:00	2	D	2030	Africa	F3	F31116	0	Commercial
F31113	F3	Middle East	B787	06:15:00	6	D	2030	Middle East	F3	F31118	0	Commercial
F31129	F3	Asia	A321	03:10:00	3	D	2030	Asia	F3	F31128	0	Commercial
F31125	F3	Indian Sub Continent	A321	04:15:00	4	D	2030	Indian Sub Continent	F3	F31124	0	Commercial
F31121	F3	Middle East	A321	10:25:00	10	D	2030	Middle East	F3	F31126	0	Commercial
F31123	F3	Middle East	A321	19:35:00	19	D	2030	Middle East	F3	F31122	0	Commercial
F31127	F3	Asia	A321	11:15:00	11	D	2030	Asia	F3	F31130	0	Commercial
F31131	F3	Asia	E190	20:55:00	20	D	2030	Asia	F3	F31132	0	Commercial
F31135	F3	North America	B757	21:50:00	21	D	2030	North America	F3	F31134	0	Commercial
F31133	F3	Asia	B757	22:50:00	22	D	2030	Asia	F3	F31136	0	Commercial
F31165	F3	Middle East	A320	09:30:00	9	D	2035	Middle East	F3	F31164	0	Commercial
F31167	F3	Middle East	A320	14:40:00	14	D	2035	Middle East	F3	F31172	0	Commercial
F31161	F3	Saudi Arabia	A320	17:30:00	17	D	2035	Saudi Arabia	F3	F31166	0	Commercial
F31169	F3	Saudi Arabia	A320	18:00:00	18	D	2035	Saudi Arabia	F3	F31168	0	Commercial
F31163	F3	Middle East	A320	22:00:00	22	D	2035	Middle East	F3	F31162	0	Commercial
F31171	F3	Middle East	A320	22:20:00	22	D	2035	Middle East	F3	F31170	0	Commercial
F31175	F3	Saudi Arabia	B737	06:45:00	6	D	2035	Saudi Arabia	F3	F31174	0	Commercial
F31173	F3	Middle East	B737	02:35:00	2	D	2035	Middle East	F3	F31176	0	Commercial
F31181	F3	Middle East	A350	05:35:00	5	D	2035	Middle East	F3	F31180	0	Commercial
F31183	F3	Saudi Arabia	A350	11:45:00	11	D	2035	Saudi Arabia	F3	F31188	0	Commercial
F31177	F3	Saudi Arabia	A350	13:30:00	13	D	2035	Saudi Arabia	F3	F31182	0	Commercial
F31185	F3	Saudi Arabia	A350	17:40:00	17	D	2035	Saudi Arabia	F3	F31184	0	Commercial
F31179	F3	Saudi Arabia	A350	21:50:00	21	D	2035	Saudi Arabia	F3	F31178	0	Commercial
F31187	F3	Middle East	A350	00:55:00	0	D	2035	Middle East	F3	F31186	0	Commercial
F31189	F3	Saudi Arabia	B787	06:55:00	6	D	2035	Saudi Arabia	F3	F31196	0	Commercial
F31191	F3	Middle East	B787	13:25:00	13	D	2035	Middle East	F3	F31190	0	Commercial
F31193	F3	Saudi Arabia	B787	18:45:00	18	D	2035	Saudi Arabia	F3	F31192	0	Commercial
F31195	F3	Middle East	B787	02:20:00	2	D	2035	Middle East	F3	F31194	0	Commercial
F31205	F3	Europe	A321	08:35:00	8	D	2035	Europe	F3	F31204	0	Commercial
F31199	F3	Africa	A321	12:40:00	12	D	2035	Africa	F3	F31198	0	Commercial
F31201	F3	Middle East	A321	18:25:00	18	D	2035	Middle East	F3	F31206	0	Commercial
F31203	F3	Middle East	A321	01:00:00	1	D	2035	Middle East	F3	F31200	0	Commercial
F31197	F3	Saudi Arabia	A321	06:35:00	6	D	2035	Saudi Arabia	F3	F31202	0	Commercial
F31207	F3	Europe	E190	14:25:00	14	D	2035	Europe	F3	F31208	0	Commercial
F31211	F3	North America	B757	09:35:00	9	D	2035	North America	F3	F31210	0	Commercial
F31209	F3	Asia	B757	07:25:00	7	D	2035	Asia	F3	F31212	0	Commercial
F31247	F3	Middle East	A320	04:35:00	4	D	2040	Middle East	F3	F31246	0	Commercial
F31241	F3	Saudi Arabia	A320	15:20:00	15	D	2040	Saudi Arabia	F3	F31248	0	Commercial
F31243	F3	Saudi Arabia	A320	20:25:00	20	D	2040	Saudi Arabia	F3	F31242	0	Commercial
F31245	F3	Saudi Arabia	A320	00:45:00	0	D	2040	Saudi Arabia	F3	F31244	0	Commercial
F31251	F3	Middle East	B737	11:10:00	11	D	2040	Middle East	F3	F31250	0	Commercial
F31249	F3	Middle East	B737	07:00:00	7	D	2040	Middle East	F3	F31252	0	Commercial
F31257	F3	Saudi Arabia	A350	06:15:00	6	D	2040	Saudi Arabia	F3	F31256	0	Commercial
F31259	F3	Saudi Arabia	A350	13:25:00	13	D	2040	Saudi Arabia	F3	F31264	0	Commercial
F31253	F3	Saudi Arabia	A350	17:00:00	17	D	2040	Saudi Arabia	F3	F31258	0	Commercial
F31261	F3	Saudi Arabia	A350	19:45:00	19	D	2040	Saudi Arabia	F3	F31260	0	Commercial
F31255	F3	Saudi Arabia	A350	00:55:00	0	D	2040	Saudi Arabia	F3	F31254	0	Commercial
F31263	F3	Saudi Arabia	A350	01:45:00	1	D	2040	Saudi Arabia	F3	F31262	0	Commercial
F31265	F3	Saudi Arabia	B787	07:40:00	7	D	2040	Saudi Arabia	F3	F31272	0	Commercial
F31267	F3	Middle East	B787	13:20:00	13	D	2040	Middle East	F3	F31266	0	Commercial
F31269	F3	Middle East	B787	19:10:00	19	D	2040	Middle East	F3	F31268	0	Commercial
F31271	F3	Middle East	B787	02:35:00	2	D	2040	Middle East	F3	F31270	0	Commercial
F31281	F3	Europe	A321	03:15:00	3	D	2040	Europe	F3	F31280	0	Commercial
F31275	F3	Saudi Arabia	A321	10:30:00	10	D	2040	Saudi Arabia	F3	F31282	0	Commercial
F31277	F3	Africa	A321	15:15:00	15	D	2040	Africa	F3	F31274	0	Commercial
F31279	F3	Africa	A321	20:45:00	20	D	2040	Africa	F3	F31276	0	Commercial
F31273	F3	Middle East	A321	06:45:00	6	D	2040	Middle East	F3	F31278	0	Commercial
F31283	F3	Asia	E190	10:15:00	10	D	2040	Asia	F3	F31284	0	Commercial
F31285	F3	Asia	B757	05:45:00	5	D	2040	Asia	F3	F31286	0	Commercial
F31287	F3	North America	B757	06:15:00	6	D	2040	North America	F3	F31288	0	Commercial
F31321	F3	Saudi Arabia	A320	08:45:00	8	D	2045	Saudi Arabia	F3	F31328	0	Commercial
F31323	F3	Middle East	A320	13:25:00	13	D	2045	Middle East	F3	F31322	0	Commercial
F31325	F3	Saudi Arabia	A320	17:55:00	17	D	2045	Saudi Arabia	F3	F31324	0	Commercial
F31327	F3	Saudi Arabia	A320	21:35:00	21	D	2045	Saudi Arabia	F3	F31326	0	Commercial
F31331	F3	Middle East	B737	20:30:00	20	D	2045	Middle East	F3	F31330	0	Commercial
F31329	F3	Saudi Arabia	B737	15:30:00	15	D	2045	Saudi Arabia	F3	F31332	0	Commercial
F31333	F3	Middle East	A350	03:35:00	3	D	2045	Middle East	F3	F31340	0	Commercial
F31335	F3	Middle East	A350	10:20:00	10	D	2045	Middle East	F3	F31334	0	Commercial
F31343	F3	Middle East	A350	11:10:00	11	D	2045	Middle East	F3	F31342	0	Commercial
F31337	F3	Middle East	A350	17:20:00	17	D	2045	Middle East	F3	F31336	0	Commercial
F31339	F3	Saudi Arabia	A350	23:05:00	23	D	2045	Saudi Arabia	F3	F31344	0	Commercial
F31341	F3	Middle East	A350	04:20:00	4	D	2045	Middle East	F3	F31338	0	Commercial
F31349	F3	Middle East	B787	07:55:00	7	D	2045	Middle East	F3	F31348	0	Commercial
F31351	F3	Middle East	B787	13:25:00	13	D	2045	Middle East	F3	F31350	0	Commercial
F31345	F3	Saudi Arabia	B787	17:05:00	17	D	2045	Saudi Arabia	F3	F31352	0	Commercial
F31347	F3	Saudi Arabia	B787	00:00:00	0	D	2045	Saudi Arabia	F3	F31346	0	Commercial
F31357	F3	Saudi Arabia	A321	04:00:00	4	D	2045	Saudi Arabia	F3	F31356	0	Commercial
F31359	F3	Middle East	A321	09:55:00	9	D	2045	Middle East	F3	F31362	0	Commercial
F31361	F3	Africa	A321	17:55:00	17	D	2045	Africa	F3	F31358	0	Commercial
F31353	F3	Saudi Arabia	A321	18:40:00	18	D	2045	Saudi Arabia	F3	F31360	0	Commercial
F31355	F3	Middle East	A321	23:10:00	23	D	2045	Middle East	F3	F31354	0	Commercial
F31363	F3	Europe	E190	03:50:00	3	D	2045	Europe	F3	F31364	0	Commercial
F31365	F3	Europe	B757	22:05:00	22	D	2045	Europe	F3	F31368	0	Commercial
F31367	F3	Australasia	B757	00:45:00	0	D	2045	Australasia	F3	F31366	0	Commercial
F31403	F3	Middle East	A320	17:50:00	17	D	2050	Middle East	F3	F31402	0	Commercial
F31405	F3	Middle East	A320	21:20:00	21	D	2050	Middle East	F3	F31404	0	Commercial
F31401	F3	Middle East	A320	13:35:00	13	D	2050	Middle East	F3	F31406	0	Commercial
F31409	F3	Middle East	B737	13:50:00	13	D	2050	Middle East	F3	F31408	0	Commercial
F31407	F3	Middle East	B737	09:40:00	9	D	2050	Middle East	F3	F31410	0	Commercial
F31413	F3	Middle East	A350	02:55:00	2	D	2050	Middle East	F3	F31420	0	Commercial
F31415	F3	Middle East	A350	08:00:00	8	D	2050	Middle East	F3	F31414	0	Commercial
F31421	F3	Middle East	A350	13:40:00	13	D	2050	Middle East	F3	F31416	0	Commercial
F31411	F3	Middle East	A350	19:00:00	19	D	2050	Middle East	F3	F31422	0	Commercial
F31419	F3	Middle East	A350	21:00:00	21	D	2050	Middle East	F3	F31418	0	Commercial
F31417	F3	Saudi Arabia	A350	14:00:00	14	D	2050	Saudi Arabia	F3	F31412	0	Commercial
F31425	F3	Saudi Arabia	B787	08:10:00	8	D	2050	Saudi Arabia	F3	F31424	0	Commercial
F31427	F3	Saudi Arabia	B787	13:30:00	13	D	2050	Saudi Arabia	F3	F31426	0	Commercial
F31429	F3	Saudi Arabia	B787	19:55:00	19	D	2050	Saudi Arabia	F3	F31428	0	Commercial
F31423	F3	Middle East	B787	21:15:00	21	D	2050	Middle East	F3	F31430	0	Commercial
F31431	F3	Saudi Arabia	A321	01:00:00	1	D	2050	Saudi Arabia	F3	F31440	0	Commercial
F31433	F3	Saudi Arabia	A321	04:35:00	4	D	2050	Saudi Arabia	F3	F31432	0	Commercial
F31435	F3	Middle East	A321	09:25:00	9	D	2050	Middle East	F3	F31434	0	Commercial
F31437	F3	Middle East	A321	12:10:00	12	D	2050	Middle East	F3	F31436	0	Commercial
F31439	F3	Middle East	A321	18:15:00	18	D	2050	Middle East	F3	F31438	0	Commercial
F31441	F3	Europe	E190	19:30:00	19	D	2050	Europe	F3	F31442	0	Commercial
F31445	F3	North America	B757	11:35:00	11	D	2050	North America	F3	F31444	0	Commercial
F31443	F3	Asia	B757	12:00:00	12	D	2050	Asia	F3	F31446	0	Commercial
XY1001	XY	Middle East	B737	09:20:00	9	D	2025	Middle East	XY	XY1006	0	Commercial
XY1003	XY	Africa	B737	14:55:00	14	D	2025	Africa	XY	XY1002	0	Commercial
XY1085	XY	Africa	B737	05:50:00	5	D	2030	Africa	XY	XY1084	0	Commercial
XY1081	XY	Saudi Arabia	B737	17:55:00	17	D	2030	Saudi Arabia	XY	XY1086	0	Commercial
XY1161	XY	Saudi Arabia	B737	13:20:00	13	D	2035	Saudi Arabia	XY	XY1166	0	Commercial
XY1163	XY	Africa	B737	17:10:00	17	D	2035	Africa	XY	XY1162	0	Commercial
XY1243	XY	GCC	B737	15:50:00	15	D	2040	GCC	XY	XY1242	0	Commercial
XY1241	XY	Middle East	B737	08:35:00	8	D	2040	Middle East	XY	XY1244	0	Commercial
XY1321	XY	Middle East	B737	20:00:00	20	D	2045	Middle East	XY	XY1324	0	Commercial
XY1323	XY	Saudi Arabia	B737	01:15:00	1	D	2045	Saudi Arabia	XY	XY1322	0	Commercial
XY1401	XY	Saudi Arabia	B737	11:05:00	11	D	2050	Saudi Arabia	XY	XY1402	0	Commercial
SW1001	SW	Africa	B737	07:10:00	7	D	2025	Africa	SW	SW1008	0	Commercial
SW1007	SW	Middle East	B737	01:40:00	1	D	2025	Middle East	SW	SW1002	0	Commercial
SW1083	SW	Africa	B737	13:35:00	13	D	2030	Africa	SW	SW1082	0	Commercial
SW1081	SW	Africa	B737	07:50:00	7	D	2030	Africa	SW	SW1084	0	Commercial
SW1165	SW	Africa	B737	04:30:00	4	D	2035	Africa	SW	SW1164	0	Commercial
SW1161	SW	Africa	B737	16:10:00	16	D	2035	Africa	SW	SW1166	0	Commercial
SW1243	SW	Middle East	B737	18:40:00	18	D	2040	Middle East	SW	SW1242	0	Commercial
SW1241	SW	Middle East	B737	13:05:00	13	D	2040	Middle East	SW	SW1244	0	Commercial
SW1323	SW	Africa	B737	13:05:00	13	D	2045	Africa	SW	SW1322	0	Commercial
SW1321	SW	Africa	B737	07:25:00	7	D	2045	Africa	SW	SW1324	0	Commercial
SW1401	SW	Africa	B737	17:25:00	17	D	2050	Africa	SW	SW1402	0	Commercial
5W1001	5W	GCC	B737	07:35:00	7	D	2025	GCC	5W	5W1006	0	Commercial
5W1003	5W	Africa	B737	13:05:00	13	D	2025	Africa	5W	5W1002	0	Commercial
5W1083	5W	Africa	B737	13:20:00	13	D	2030	Africa	5W	5W1082	0	Commercial
5W1081	5W	Africa	B737	08:35:00	8	D	2030	Africa	5W	5W1084	0	Commercial
5W1165	5W	Saudi Arabia	B737	05:15:00	5	D	2035	Saudi Arabia	5W	5W1164	0	Commercial
5W1161	5W	Saudi Arabia	B737	18:00:00	18	D	2035	Saudi Arabia	5W	5W1166	0	Commercial
5W1241	5W	Saudi Arabia	B737	17:30:00	17	D	2040	Saudi Arabia	5W	5W1244	0	Commercial
5W1243	5W	Africa	B737	22:45:00	22	D	2040	Africa	5W	5W1242	0	Commercial
5W1321	5W	Saudi Arabia	B737	19:25:00	19	D	2045	Saudi Arabia	5W	5W1324	0	Commercial
5W1323	5W	GCC	B737	00:15:00	0	D	2045	GCC	5W	5W1322	0	Commercial
5W1401	5W	Africa	B737	09:05:00	9	D	2050	Africa	5W	5W1402	0	Commercial
3L1005	3L	Africa	B737	04:50:00	4	D	2025	Africa	3L	3L1004	0	Commercial
3L1007	3L	Africa	B737	10:00:00	10	D	2025	Africa	3L	3L1006	0	Commercial
3L1081	3L	Saudi Arabia	B737	09:25:00	9	D	2030	Saudi Arabia	3L	3L1086	0	Commercial
3L1083	3L	Middle East	B737	15:20:00	15	D	2030	Middle East	3L	3L1082	0	Commercial
3L1161	3L	Saudi Arabia	B737	09:20:00	9	D	2035	Saudi Arabia	3L	3L1166	0	Commercial
3L1163	3L	Middle East	B737	15:20:00	15	D	2035	Middle East	3L	3L1162	0	Commercial
3L1241	3L	Africa	B737	19:35:00	19	D	2040	Africa	3L	3L1244	0	Commercial
3L1243	3L	Africa	B737	01:05:00	1	D	2040	Africa	3L	3L1242	0	Commercial
3L1323	3L	GCC	B737	19:40:00	19	D	2045	GCC	3L	3L1322	0	Commercial
3L1321	3L	Saudi Arabia	B737	13:50:00	13	D	2045	Saudi Arabia	3L	3L1324	0	Commercial
3L1401	3L	Middle East	B737	14:35:00	14	D	2050	Middle East	3L	3L1402	0	Commercial
OTH1001	OTH	Africa	B737	07:50:00	7	D	2025	Africa	OTH	OTH1008	0	Commercial
OTH1003	OTH	Saudi Arabia	B737	13:25:00	13	D	2025	Saudi Arabia	OTH	OTH1002	0	Commercial
OTH1083	OTH	Africa	B737	11:00:00	11	D	2030	Africa	OTH	OTH1082	0	Commercial
OTH1081	OTH	Africa	B737	07:10:00	7	D	2030	Africa	OTH	OTH1084	0	Commercial
OTH1165	OTH	Africa	B737	04:05:00	4	D	2035	Africa	OTH	OTH1164	0	Commercial
OTH1161	OTH	Africa	B737	18:05:00	18	D	2035	Africa	OTH	OTH1166	0	Commercial
OTH1243	OTH	Africa	B737	15:55:00	15	D	2040	Africa	OTH	OTH1242	0	Commercial
OTH1241	OTH	Saudi Arabia	B737	19:25:00	19	D	2040	Saudi Arabia	OTH	OTH1244	0	Commercial
OTH1323	OTH	Africa	B737	14:10:00	14	D	2045	Africa	OTH	OTH1322	0	Commercial
OTH1321	OTH	Africa	B737	08:40:00	8	D	2045	Africa	OTH	OTH1324	0	Commercial
OTH1401	OTH	Africa	B737	19:25:00	19	D	2050	Africa	OTH	OTH1402	0	Commercial
