sheet	section	measure	row	split	year	value
Base	30th BHRs - Old Terminal		2-way	Schengen	2025	1004
Base	30th BHRs - Old Terminal		2-way	Schengen	2030	1238
Base	30th BHRs - Old Terminal		2-way	Schengen	2035	1465
Base	30th BHRs - Old Terminal		2-way	Schengen	2040	1763
Base	30th BHRs - Old Terminal		2-way	Schengen	2045	2056
Base	30th BHRs - Old Terminal		2-way	Non-Schengen	2025	614
Base	30th BHRs - Old Terminal		2-way	Non-Schengen	2030	653
Base	30th BHRs - Old Terminal		2-way	Non-Schengen	2035	757
Base	30th BHRs - Old Terminal		2-way	Non-Schengen	2040	875
Base	30th BHRs - Old Terminal		2-way	Non-Schengen	2045	985
Base	30th BHRs - Old Terminal		2-way	Total	2025	1142
Base	30th BHRs - Old Terminal		2-way	Total	2030	1371
Base	30th BHRs - Old Terminal		2-way	Total	2035	1641
Base	30th BHRs - Old Terminal		2-way	Total	2040	1980
Base	30th BHRs - Old Terminal		2-way	Total	2045	2313
Base	30th BHRs - Old Terminal		Arrivals	Schengen	2025	699
Base	30th BHRs - Old Terminal		Arrivals	Schengen	2030	855
Base	30th BHRs - Old Terminal		Arrivals	Schengen	2035	1005
Base	30th BHRs - Old Terminal		Arrivals	Schengen	2040	1202
Base	30th BHRs - Old Terminal		Arrivals	Schengen	2045	1394
Base	30th BHRs - Old Terminal		Arrivals	Non-Schengen	2025	506
Base	30th BHRs - Old Terminal		Arrivals	Non-Schengen	2030	533
Base	30th BHRs - Old Terminal		Arrivals	Non-Schengen	2035	611
Base	30th BHRs - Old Terminal		Arrivals	Non-Schengen	2040	699
Base	30th BHRs - Old Terminal		Arrivals	Non-Schengen	2045	779
Base	30th BHRs - Old Terminal		Arrivals	Total	2025	819
Base	30th BHRs - Old Terminal		Arrivals	Total	2030	963
Base	30th BHRs - Old Terminal		Arrivals	Total	2035	1132
Base	30th BHRs - Old Terminal		Arrivals	Total	2040	1346
Base	30th BHRs - Old Terminal		Arrivals	Total	2045	1553
Base	30th BHRs - Old Terminal		Departures	Schengen	2025	689
Base	30th BHRs - Old Terminal		Departures	Schengen	2030	841
Base	30th BHRs - Old Terminal		Departures	Schengen	2035	987
Base	30th BHRs - Old Terminal		Departures	Schengen	2040	1178
Base	30th BHRs - Old Terminal		Departures	Schengen	2045	1363
Base	30th BHRs - Old Terminal		Departures	Non-Schengen	2025	488
Base	30th BHRs - Old Terminal		Departures	Non-Schengen	2030	514
Base	30th BHRs - Old Terminal		Departures	Non-Schengen	2035	591
Base	30th BHRs - Old Terminal		Departures	Non-Schengen	2040	677
Base	30th BHRs - Old Terminal		Departures	Non-Schengen	2045	757
Base	30th BHRs - Old Terminal		Departures	Total	2025	816
Base	30th BHRs - Old Terminal		Departures	Total	2030	963
Base	30th BHRs - Old Terminal		Departures	Total	2035	1137
Base	30th BHRs - Old Terminal		Departures	Total	2040	1357
Base	30th BHRs - Old Terminal		Departures	Total	2045	1571
Base	30th BHRs - New Terminal		2-way	Schengen	2025	983
Base	30th BHRs - New Terminal		2-way	Schengen	2030	1722
Base	30th BHRs - New Terminal		2-way	Schengen	2035	1980
Base	30th BHRs - New Terminal		2-way	Schengen	2040	2139
Base	30th BHRs - New Terminal		2-way	Schengen	2045	2297
Base	30th BHRs - New Terminal		2-way	Non-Schengen	2025	809
Base	30th BHRs - New Terminal		2-way	Non-Schengen	2030	884
Base	30th BHRs - New Terminal		2-way	Non-Schengen	2035	918
Base	30th BHRs - New Terminal		2-way	Non-Schengen	2040	915
Base	30th BHRs - New Terminal		2-way	Non-Schengen	2045	912
Base	30th BHRs - New Terminal		2-way	Total	2025	1461
Base	30th BHRs - New Terminal		2-way	Total	2030	2339
Base	30th BHRs - New Terminal		2-way	Total	2035	2639
Base	30th BHRs - New Terminal		2-way	Total	2040	2806
Base	30th BHRs - New Terminal		2-way	Total	2045	2967
Base	30th BHRs - New Terminal		Arrivals	Schengen	2025	638
Base	30th BHRs - New Terminal		Arrivals	Schengen	2030	1092
Base	30th BHRs - New Terminal		Arrivals	Schengen	2035	1237
Base	30th BHRs - New Terminal		Arrivals	Schengen	2040	1320
Base	30th BHRs - New Terminal		Arrivals	Schengen	2045	1402
Base	30th BHRs - New Terminal		Arrivals	Non-Schengen	2025	446
Base	30th BHRs - New Terminal		Arrivals	Non-Schengen	2030	489
Base	30th BHRs - New Terminal		Arrivals	Non-Schengen	2035	509
Base	30th BHRs - New Terminal		Arrivals	Non-Schengen	2040	509
Base	30th BHRs - New Terminal		Arrivals	Non-Schengen	2045	508
Base	30th BHRs - New Terminal		Arrivals	Total	2025	863
Base	30th BHRs - New Terminal		Arrivals	Total	2030	1373
Base	30th BHRs - New Terminal		Arrivals	Total	2035	1547
Base	30th BHRs - New Terminal		Arrivals	Total	2040	1643
Base	30th BHRs - New Terminal		Arrivals	Total	2045	1736
Base	30th BHRs - New Terminal		Departures	Schengen	2025	764
Base	30th BHRs - New Terminal		Departures	Schengen	2030	1301
Base	30th BHRs - New Terminal		Departures	Schengen	2035	1461
Base	30th BHRs - New Terminal		Departures	Schengen	2040	1548
Base	30th BHRs - New Terminal		Departures	Schengen	2045	1635
Base	30th BHRs - New Terminal		Departures	Non-Schengen	2025	623
Base	30th BHRs - New Terminal		Departures	Non-Schengen	2030	596
Base	30th BHRs - New Terminal		Departures	Non-Schengen	2035	578
Base	30th BHRs - New Terminal		Departures	Non-Schengen	2040	553
Base	30th BHRs - New Terminal		Departures	Non-Schengen	2045	536
Base	30th BHRs - New Terminal		Departures	Total	2025	889
Base	30th BHRs - New Terminal		Departures	Total	2030	1411
Base	30th BHRs - New Terminal		Departures	Total	2035	1581
Base	30th BHRs - New Terminal		Departures	Total	2040	1671
Base	30th BHRs - New Terminal		Departures	Total	2045	1759
Base	30th BHRs - Overall		2-way	Schengen	2025	1523
Base	30th BHRs - Overall		2-way	Schengen	2030	2262
Base	30th BHRs - Overall		2-way	Schengen	2035	2700
Base	30th BHRs - Overall		2-way	Schengen	2040	3141
Base	30th BHRs - Overall		2-way	Schengen	2045	3583
Base	30th BHRs - Overall		2-way	Non-Schengen	2025	976
Base	30th BHRs - Overall		2-way	Non-Schengen	2030	1086
Base	30th BHRs - Overall		2-way	Non-Schengen	2035	1253
Base	30th BHRs - Overall		2-way	Non-Schengen	2040	1416
Base	30th BHRs - Overall		2-way	Non-Schengen	2045	1566
Base	30th BHRs - Overall		2-way	Total	2025	1899
Base	30th BHRs - Overall		2-way	Total	2030	2607
Base	30th BHRs - Overall		2-way	Total	2035	3085
Base	30th BHRs - Overall		2-way	Total	2040	3561
Base	30th BHRs - Overall		2-way	Total	2045	4033
Base	30th BHRs - Overall		Arrivals	Schengen	2025	904
Base	30th BHRs - Overall		Arrivals	Schengen	2030	1313
Base	30th BHRs - Overall		Arrivals	Schengen	2035	1542
Base	30th BHRs - Overall		Arrivals	Schengen	2040	1769
Base	30th BHRs - Overall		Arrivals	Schengen	2045	1996
Base	30th BHRs - Overall		Arrivals	Non-Schengen	2025	589
Base	30th BHRs - Overall		Arrivals	Non-Schengen	2030	649
Base	30th BHRs - Overall		Arrivals	Non-Schengen	2035	741
Base	30th BHRs - Overall		Arrivals	Non-Schengen	2040	831
Base	30th BHRs - Overall		Arrivals	Non-Schengen	2045	913
Base	30th BHRs - Overall		Arrivals	Total	2025	1086
Base	30th BHRs - Overall		Arrivals	Total	2030	1486
Base	30th BHRs - Overall		Arrivals	Total	2035	1755
Base	30th BHRs - Overall		Arrivals	Total	2040	2023
Base	30th BHRs - Overall		Arrivals	Total	2045	2287
Base	30th BHRs - Overall		Departures	Schengen	2025	920
Base	30th BHRs - Overall		Departures	Schengen	2030	1340
Base	30th BHRs - Overall		Departures	Schengen	2035	1575
Base	30th BHRs - Overall		Departures	Schengen	2040	1807
Base	30th BHRs - Overall		Departures	Schengen	2045	2039
Base	30th BHRs - Overall		Departures	Non-Schengen	2025	623
Base	30th BHRs - Overall		Departures	Non-Schengen	2030	684
Base	30th BHRs - Overall		Departures	Non-Schengen	2035	780
Base	30th BHRs - Overall		Departures	Non-Schengen	2040	872
Base	30th BHRs - Overall		Departures	Non-Schengen	2045	956
Base	30th BHRs - Overall		Departures	Total	2025	1120
Base	30th BHRs - Overall		Departures	Total	2030	1520
Base	30th BHRs - Overall		Departures	Total	2035	1782
Base	30th BHRs - Overall		Departures	Total	2040	2041
Base	30th BHRs - Overall		Departures	Total	2045	2296
Base	30th BHRs - Overall		Transfers		2025	237
Base	30th BHRs - Overall		Transfers		2030	277
Base	30th BHRs - Overall		Transfers		2035	323
Base	30th BHRs - Overall		Transfers		2040	369
Base	30th BHRs - Overall		Transfers		2045	414
Base	Peak Runway Movements		Overall peak		2025	20
Base	Peak Runway Movements		Overall peak		2030	24
Base	Peak Runway Movements		Overall peak		2035	27
Base	Peak Runway Movements		Overall peak		2040	31
Base	Peak Runway Movements		Overall peak		2045	34
Base	Stands - by Stand Code - Old Terminal - Commercial	Overall peak	E		2025	0
Base	Stands - by Stand Code - Old Terminal - Commercial	Overall peak	E		2030	0
Base	Stands - by Stand Code - Old Terminal - Commercial	Overall peak	E		2035	0
Base	Stands - by Stand Code - Old Terminal - Commercial	Overall peak	E		2040	0
Base	Stands - by Stand Code - Old Terminal - Commercial	Overall peak	E		2045	0
Base	Stands - by Stand Code - Old Terminal - Commercial	Overall peak	D		2025	0
Base	Stands - by Stand Code - Old Terminal - Commercial	Overall peak	D		2030	0
Base	Stands - by Stand Code - Old Terminal - Commercial	Overall peak	D		2035	0
Base	Stands - by Stand Code - Old Terminal - Commercial	Overall peak	D		2040	0
Base	Stands - by Stand Code - Old Terminal - Commercial	Overall peak	D		2045	0
Base	Stands - by Stand Code - Old Terminal - Commercial	Overall peak	C		2025	8
Base	Stands - by Stand Code - Old Terminal - Commercial	Overall peak	C		2030	13
Base	Stands - by Stand Code - Old Terminal - Commercial	Overall peak	C		2035	14
Base	Stands - by Stand Code - Old Terminal - Commercial	Overall peak	C		2040	15
Base	Stands - by Stand Code - Old Terminal - Commercial	Overall peak	C		2045	15
Base	Stands - by Stand Code - Old Terminal - Commercial	Overall peak	B		2025	0
Base	Stands - by Stand Code - Old Terminal - Commercial	Overall peak	B		2030	0
Base	Stands - by Stand Code - Old Terminal - Commercial	Overall peak	B		2035	0
Base	Stands - by Stand Code - Old Terminal - Commercial	Overall peak	B		2040	0
Base	Stands - by Stand Code - Old Terminal - Commercial	Overall peak	B		2045	0
Base	Stands - by Stand Code - Old Terminal - Commercial	Overall peak	A		2025	0
Base	Stands - by Stand Code - Old Terminal - Commercial	Overall peak	A		2030	0
Base	Stands - by Stand Code - Old Terminal - Commercial	Overall peak	A		2035	0
Base	Stands - by Stand Code - Old Terminal - Commercial	Overall peak	A		2040	0
Base	Stands - by Stand Code - Old Terminal - Commercial	Overall peak	A		2045	0
Base	Stands - by Stand Code - Old Terminal - Commercial	Overall peak	Total		2025	8
Base	Stands - by Stand Code - Old Terminal - Commercial	Overall peak	Total		2030	13
Base	Stands - by Stand Code - Old Terminal - Commercial	Overall peak	Total		2035	14
Base	Stands - by Stand Code - Old Terminal - Commercial	Overall peak	Total		2040	15
Base	Stands - by Stand Code - Old Terminal - Commercial	Overall peak	Total		2045	15
Base	Stands - by Stand Code - Old Terminal - Commercial	Overnight Peak	E		2025	0
Base	Stands - by Stand Code - Old Terminal - Commercial	Overnight Peak	E		2030	0
Base	Stands - by Stand Code - Old Terminal - Commercial	Overnight Peak	E		2035	0
Base	Stands - by Stand Code - Old Terminal - Commercial	Overnight Peak	E		2040	0
Base	Stands - by Stand Code - Old Terminal - Commercial	Overnight Peak	E		2045	0
Base	Stands - by Stand Code - Old Terminal - Commercial	Overnight Peak	D		2025	0
Base	Stands - by Stand Code - Old Terminal - Commercial	Overnight Peak	D		2030	0
Base	Stands - by Stand Code - Old Terminal - Commercial	Overnight Peak	D		2035	0
Base	Stands - by Stand Code - Old Terminal - Commercial	Overnight Peak	D		2040	0
Base	Stands - by Stand Code - Old Terminal - Commercial	Overnight Peak	D		2045	0
Base	Stands - by Stand Code - Old Terminal - Commercial	Overnight Peak	C		2025	7
Base	Stands - by Stand Code - Old Terminal - Commercial	Overnight Peak	C		2030	12
Base	Stands - by Stand Code - Old Terminal - Commercial	Overnight Peak	C		2035	13
Base	Stands - by Stand Code - Old Terminal - Commercial	Overnight Peak	C		2040	14
Base	Stands - by Stand Code - Old Terminal - Commercial	Overnight Peak	C		2045	15
Base	Stands - by Stand Code - Old Terminal - Commercial	Overnight Peak	B		2025	0
Base	Stands - by Stand Code - Old Terminal - Commercial	Overnight Peak	B		2030	0
Base	Stands - by Stand Code - Old Terminal - Commercial	Overnight Peak	B		2035	0
Base	Stands - by Stand Code - Old Terminal - Commercial	Overnight Peak	B		2040	0
Base	Stands - by Stand Code - Old Terminal - Commercial	Overnight Peak	B		2045	0
Base	Stands - by Stand Code - Old Terminal - Commercial	Overnight Peak	A		2025	0
Base	Stands - by Stand Code - Old Terminal - Commercial	Overnight Peak	A		2030	0
Base	Stands - by Stand Code - Old Terminal - Commercial	Overnight Peak	A		2035	0
Base	Stands - by Stand Code - Old Terminal - Commercial	Overnight Peak	A		2040	0
Base	Stands - by Stand Code - Old Terminal - Commercial	Overnight Peak	A		2045	0
Base	Stands - by Stand Code - Old Terminal - Commercial	Overnight Peak	Total		2025	7
Base	Stands - by Stand Code - Old Terminal - Commercial	Overnight Peak	Total		2030	12
Base	Stands - by Stand Code - Old Terminal - Commercial	Overnight Peak	Total		2035	13
Base	Stands - by Stand Code - Old Terminal - Commercial	Overnight Peak	Total		2040	14
Base	Stands - by Stand Code - Old Terminal - Commercial	Overnight Peak	Total		2045	15
Base	Stands - by Stand Code - Old Terminal - Commercial	Individual Peak	E		2025	1
Base	Stands - by Stand Code - Old Terminal - Commercial	Individual Peak	E		2030	1
Base	Stands - by Stand Code - Old Terminal - Commercial	Individual Peak	E		2035	1
Base	Stands - by Stand Code - Old Terminal - Commercial	Individual Peak	E		2040	1
Base	Stands - by Stand Code - Old Terminal - Commercial	Individual Peak	E		2045	1
Base	Stands - by Stand Code - Old Terminal - Commercial	Individual Peak	D		2025	0
Base	Stands - by Stand Code - Old Terminal - Commercial	Individual Peak	D		2030	0
Base	Stands - by Stand Code - Old Terminal - Commercial	Individual Peak	D		2035	0
Base	Stands - by Stand Code - Old Terminal - Commercial	Individual Peak	D		2040	0
Base	Stands - by Stand Code - Old Terminal - Commercial	Individual Peak	D		2045	0
Base	Stands - by Stand Code - Old Terminal - Commercial	Individual Peak	C		2025	8
Base	Stands - by Stand Code - Old Terminal - Commercial	Individual Peak	C		2030	13
Base	Stands - by Stand Code - Old Terminal - Commercial	Individual Peak	C		2035	14
Base	Stands - by Stand Code - Old Terminal - Commercial	Individual Peak	C		2040	15
Base	Stands - by Stand Code - Old Terminal - Commercial	Individual Peak	C		2045	15
Base	Stands - by Stand Code - Old Terminal - Commercial	Individual Peak	B		2025	1
Base	Stands - by Stand Code - Old Terminal - Commercial	Individual Peak	B		2030	2
Base	Stands - by Stand Code - Old Terminal - Commercial	Individual Peak	B		2035	2
Base	Stands - by Stand Code - Old Terminal - Commercial	Individual Peak	B		2040	2
Base	Stands - by Stand Code - Old Terminal - Commercial	Individual Peak	B		2045	2
Base	Stands - by Stand Code - Old Terminal - Commercial	Individual Peak	A		2025	1
Base	Stands - by Stand Code - Old Terminal - Commercial	Individual Peak	A		2030	2
Base	Stands - by Stand Code - Old Terminal - Commercial	Individual Peak	A		2035	2
Base	Stands - by Stand Code - Old Terminal - Commercial	Individual Peak	A		2040	2
Base	Stands - by Stand Code - Old Terminal - Commercial	Individual Peak	A		2045	2
Base	Stands - by Stand Code - New Terminal - Commercial	Overall peak	E		2025	0
Base	Stands - by Stand Code - New Terminal - Commercial	Overall peak	E		2030	0
Base	Stands - by Stand Code - New Terminal - Commercial	Overall peak	E		2035	0
Base	Stands - by Stand Code - New Terminal - Commercial	Overall peak	E		2040	0
Base	Stands - by Stand Code - New Terminal - Commercial	Overall peak	E		2045	0
Base	Stands - by Stand Code - New Terminal - Commercial	Overall peak	D		2025	0
Base	Stands - by Stand Code - New Terminal - Commercial	Overall peak	D		2030	0
Base	Stands - by Stand Code - New Terminal - Commercial	Overall peak	D		2035	0
Base	Stands - by Stand Code - New Terminal - Commercial	Overall peak	D		2040	0
Base	Stands - by Stand Code - New Terminal - Commercial	Overall peak	D		2045	0
Base	Stands - by Stand Code - New Terminal - Commercial	Overall peak	C		2025	16
Base	Stands - by Stand Code - New Terminal - Commercial	Overall peak	C		2030	17
Base	Stands - by Stand Code - New Terminal - Commercial	Overall peak	C		2035	18
Base	Stands - by Stand Code - New Terminal - Commercial	Overall peak	C		2040	20
Base	Stands - by Stand Code - New Terminal - Commercial	Overall peak	C		2045	21
Base	Stands - by Stand Code - New Terminal - Commercial	Overall peak	B		2025	1
Base	Stands - by Stand Code - New Terminal - Commercial	Overall peak	B		2030	2
Base	Stands - by Stand Code - New Terminal - Commercial	Overall peak	B		2035	2
Base	Stands - by Stand Code - New Terminal - Commercial	Overall peak	B		2040	2
Base	Stands - by Stand Code - New Terminal - Commercial	Overall peak	B		2045	2
Base	Stands - by Stand Code - New Terminal - Commercial	Overall peak	A		2025	0
Base	Stands - by Stand Code - New Terminal - Commercial	Overall peak	A		2030	0
Base	Stands - by Stand Code - New Terminal - Commercial	Overall peak	A		2035	0
Base	Stands - by Stand Code - New Terminal - Commercial	Overall peak	A		2040	0
Base	Stands - by Stand Code - New Terminal - Commercial	Overall peak	A		2045	0
Base	Stands - by Stand Code - New Terminal - Commercial	Overall peak	Total		2025	17
Base	Stands - by Stand Code - New Terminal - Commercial	Overall peak	Total		2030	19
Base	Stands - by Stand Code - New Terminal - Commercial	Overall peak	Total		2035	20
Base	Stands - by Stand Code - New Terminal - Commercial	Overall peak	Total		2040	22
Base	Stands - by Stand Code - New Terminal - Commercial	Overall peak	Total		2045	23
Base	Stands - by Stand Code - New Terminal - Commercial	Overnight Peak	E		2025	0
Base	Stands - by Stand Code - New Terminal - Commercial	Overnight Peak	E		2030	0
Base	Stands - by Stand Code - New Terminal - Commercial	Overnight Peak	E		2035	0
Base	Stands - by Stand Code - New Terminal - Commercial	Overnight Peak	E		2040	0
Base	Stands - by Stand Code - New Terminal - Commercial	Overnight Peak	E		2045	0
Base	Stands - by Stand Code - New Terminal - Commercial	Overnight Peak	D		2025	0
Base	Stands - by Stand Code - New Terminal - Commercial	Overnight Peak	D		2030	0
Base	Stands - by Stand Code - New Terminal - Commercial	Overnight Peak	D		2035	0
Base	Stands - by Stand Code - New Terminal - Commercial	Overnight Peak	D		2040	0
Base	Stands - by Stand Code - New Terminal - Commercial	Overnight Peak	D		2045	0
Base	Stands - by Stand Code - New Terminal - Commercial	Overnight Peak	C		2025	15
Base	Stands - by Stand Code - New Terminal - Commercial	Overnight Peak	C		2030	15
Base	Stands - by Stand Code - New Terminal - Commercial	Overnight Peak	C		2035	16
Base	Stands - by Stand Code - New Terminal - Commercial	Overnight Peak	C		2040	18
Base	Stands - by Stand Code - New Terminal - Commercial	Overnight Peak	C		2045	19
Base	Stands - by Stand Code - New Terminal - Commercial	Overnight Peak	B		2025	0
Base	Stands - by Stand Code - New Terminal - Commercial	Overnight Peak	B		2030	0
Base	Stands - by Stand Code - New Terminal - Commercial	Overnight Peak	B		2035	0
Base	Stands - by Stand Code - New Terminal - Commercial	Overnight Peak	B		2040	0
Base	Stands - by Stand Code - New Terminal - Commercial	Overnight Peak	B		2045	0
Base	Stands - by Stand Code - New Terminal - Commercial	Overnight Peak	A		2025	0
Base	Stands - by Stand Code - New Terminal - Commercial	Overnight Peak	A		2030	0
Base	Stands - by Stand Code - New Terminal - Commercial	Overnight Peak	A		2035	0
Base	Stands - by Stand Code - New Terminal - Commercial	Overnight Peak	A		2040	0
Base	Stands - by Stand Code - New Terminal - Commercial	Overnight Peak	A		2045	0
Base	Stands - by Stand Code - New Terminal - Commercial	Overnight Peak	Total		2025	15
Base	Stands - by Stand Code - New Terminal - Commercial	Overnight Peak	Total		2030	15
Base	Stands - by Stand Code - New Terminal - Commercial	Overnight Peak	Total		2035	16
Base	Stands - by Stand Code - New Terminal - Commercial	Overnight Peak	Total		2040	18
Base	Stands - by Stand Code - New Terminal - Commercial	Overnight Peak	Total		2045	19
Base	Stands - by Stand Code - New Terminal - Commercial	Individual Peak	E		2025	2
Base	Stands - by Stand Code - New Terminal - Commercial	Individual Peak	E		2030	2
Base	Stands - by Stand Code - New Terminal - Commercial	Individual Peak	E		2035	2
Base	Stands - by Stand Code - New Terminal - Commercial	Individual Peak	E		2040	2
Base	Stands - by Stand Code - New Terminal - Commercial	Individual Peak	E		2045	2
Base	Stands - by Stand Code - New Terminal - Commercial	Individual Peak	D		2025	2
Base	Stands - by Stand Code - New Terminal - Commercial	Individual Peak	D		2030	0
Base	Stands - by Stand Code - New Terminal - Commercial	Individual Peak	D		2035	0
Base	Stands - by Stand Code - New Terminal - Commercial	Individual Peak	D		2040	0
Base	Stands - by Stand Code - New Terminal - Commercial	Individual Peak	D		2045	0
Base	Stands - by Stand Code - New Terminal - Commercial	Individual Peak	C		2025	17
Base	Stands - by Stand Code - New Terminal - Commercial	Individual Peak	C		2030	17
Base	Stands - by Stand Code - New Terminal - Commercial	Individual Peak	C		2035	18
Base	Stands - by Stand Code - New Terminal - Commercial	Individual Peak	C		2040	20
Base	Stands - by Stand Code - New Terminal - Commercial	Individual Peak	C		2045	22
Base	Stands - by Stand Code - New Terminal - Commercial	Individual Peak	B		2025	3
Base	Stands - by Stand Code - New Terminal - Commercial	Individual Peak	B		2030	4
Base	Stands - by Stand Code - New Terminal - Commercial	Individual Peak	B		2035	4
Base	Stands - by Stand Code - New Terminal - Commercial	Individual Peak	B		2040	4
Base	Stands - by Stand Code - New Terminal - Commercial	Individual Peak	B		2045	4
Base	Stands - by Stand Code - New Terminal - Commercial	Individual Peak	A		2025	1
Base	Stands - by Stand Code - New Terminal - Commercial	Individual Peak	A		2030	0
Base	Stands - by Stand Code - New Terminal - Commercial	Individual Peak	A		2035	0
Base	Stands - by Stand Code - New Terminal - Commercial	Individual Peak	A		2040	0
Base	Stands - by Stand Code - New Terminal - Commercial	Individual Peak	A		2045	0
Base	Stands - by Stand Code - Commercial	Overall peak	E		2025	0
Base	Stands - by Stand Code - Commercial	Overall peak	E		2030	0
Base	Stands - by Stand Code - Commercial	Overall peak	E		2035	0
Base	Stands - by Stand Code - Commercial	Overall peak	E		2040	0
Base	Stands - by Stand Code - Commercial	Overall peak	E		2045	0
Base	Stands - by Stand Code - Commercial	Overall peak	D		2025	0
Base	Stands - by Stand Code - Commercial	Overall peak	D		2030	0
Base	Stands - by Stand Code - Commercial	Overall peak	D		2035	0
Base	Stands - by Stand Code - Commercial	Overall peak	D		2040	0
Base	Stands - by Stand Code - Commercial	Overall peak	D		2045	0
Base	Stands - by Stand Code - Commercial	Overall peak	C		2025	22
Base	Stands - by Stand Code - Commercial	Overall peak	C		2030	25
Base	Stands - by Stand Code - Commercial	Overall peak	C		2035	28
Base	Stands - by Stand Code - Commercial	Overall peak	C		2040	30
Base	Stands - by Stand Code - Commercial	Overall peak	C		2045	31
Base	Stands - by Stand Code - Commercial	Overall peak	B		2025	0
Base	Stands - by Stand Code - Commercial	Overall peak	B		2030	0
Base	Stands - by Stand Code - Commercial	Overall peak	B		2035	0
Base	Stands - by Stand Code - Commercial	Overall peak	B		2040	0
Base	Stands - by Stand Code - Commercial	Overall peak	B		2045	0
Base	Stands - by Stand Code - Commercial	Overall peak	A		2025	0
Base	Stands - by Stand Code - Commercial	Overall peak	A		2030	0
Base	Stands - by Stand Code - Commercial	Overall peak	A		2035	0
Base	Stands - by Stand Code - Commercial	Overall peak	A		2040	0
Base	Stands - by Stand Code - Commercial	Overall peak	A		2045	0
Base	Stands - by Stand Code - Commercial	Overall peak	Total		2025	22
Base	Stands - by Stand Code - Commercial	Overall peak	Total		2030	25
Base	Stands - by Stand Code - Commercial	Overall peak	Total		2035	28
Base	Stands - by Stand Code - Commercial	Overall peak	Total		2040	30
Base	Stands - by Stand Code - Commercial	Overall peak	Total		2045	31
Base	Stands - by Stand Code - Commercial	Overnight Peak	E		2025	0
Base	Stands - by Stand Code - Commercial	Overnight Peak	E		2030	0
Base	Stands - by Stand Code - Commercial	Overnight Peak	E		2035	0
Base	Stands - by Stand Code - Commercial	Overnight Peak	E		2040	0
Base	Stands - by Stand Code - Commercial	Overnight Peak	E		2045	0
Base	Stands - by Stand Code - Commercial	Overnight Peak	D		2025	0
Base	Stands - by Stand Code - Commercial	Overnight Peak	D		2030	0
Base	Stands - by Stand Code - Commercial	Overnight Peak	D		2035	0
Base	Stands - by Stand Code - Commercial	Overnight Peak	D		2040	0
Base	Stands - by Stand Code - Commercial	Overnight Peak	D		2045	0
Base	Stands - by Stand Code - Commercial	Overnight Peak	C		2025	18
Base	Stands - by Stand Code - Commercial	Overnight Peak	C		2030	21
Base	Stands - by Stand Code - Commercial	Overnight Peak	C		2035	24
Base	Stands - by Stand Code - Commercial	Overnight Peak	C		2040	26
Base	Stands - by Stand Code - Commercial	Overnight Peak	C		2045	28
Base	Stands - by Stand Code - Commercial	Overnight Peak	B		2025	1
Base	Stands - by Stand Code - Commercial	Overnight Peak	B		2030	2
Base	Stands - by Stand Code - Commercial	Overnight Peak	B		2035	2
Base	Stands - by Stand Code - Commercial	Overnight Peak	B		2040	2
Base	Stands - by Stand Code - Commercial	Overnight Peak	B		2045	2
Base	Stands - by Stand Code - Commercial	Overnight Peak	A		2025	0
Base	Stands - by Stand Code - Commercial	Overnight Peak	A		2030	0
Base	Stands - by Stand Code - Commercial	Overnight Peak	A		2035	0
Base	Stands - by Stand Code - Commercial	Overnight Peak	A		2040	0
Base	Stands - by Stand Code - Commercial	Overnight Peak	A		2045	0
Base	Stands - by Stand Code - Commercial	Overnight Peak	Total		2025	19
Base	Stands - by Stand Code - Commercial	Overnight Peak	Total		2030	23
Base	Stands - by Stand Code - Commercial	Overnight Peak	Total		2035	26
Base	Stands - by Stand Code - Commercial	Overnight Peak	Total		2040	28
Base	Stands - by Stand Code - Commercial	Overnight Peak	Total		2045	30
Base	Stands - by Stand Code - Commercial	Individual Peak	E		2025	2
Base	Stands - by Stand Code - Commercial	Individual Peak	E		2030	2
Base	Stands - by Stand Code - Commercial	Individual Peak	E		2035	2
Base	Stands - by Stand Code - Commercial	Individual Peak	E		2040	2
Base	Stands - by Stand Code - Commercial	Individual Peak	E		2045	2
Base	Stands - by Stand Code - Commercial	Individual Peak	D		2025	2
Base	Stands - by Stand Code - Commercial	Individual Peak	D		2030	0
Base	Stands - by Stand Code - Commercial	Individual Peak	D		2035	0
Base	Stands - by Stand Code - Commercial	Individual Peak	D		2040	0
Base	Stands - by Stand Code - Commercial	Individual Peak	D		2045	0
Base	Stands - by Stand Code - Commercial	Individual Peak	C		2025	22
Base	Stands - by Stand Code - Commercial	Individual Peak	C		2030	25
Base	Stands - by Stand Code - Commercial	Individual Peak	C		2035	28
Base	Stands - by Stand Code - Commercial	Individual Peak	C		2040	30
Base	Stands - by Stand Code - Commercial	Individual Peak	C		2045	31
Base	Stands - by Stand Code - Commercial	Individual Peak	B		2025	3
Base	Stands - by Stand Code - Commercial	Individual Peak	B		2030	4
Base	Stands - by Stand Code - Commercial	Individual Peak	B		2035	4
Base	Stands - by Stand Code - Commercial	Individual Peak	B		2040	4
Base	Stands - by Stand Code - Commercial	Individual Peak	B		2045	4
Base	Stands - by Stand Code - Commercial	Individual Peak	A		2025	1
Base	Stands - by Stand Code - Commercial	Individual Peak	A		2030	2
Base	Stands - by Stand Code - Commercial	Individual Peak	A		2035	2
Base	Stands - by Stand Code - Commercial	Individual Peak	A		2040	2
Base	Stands - by Stand Code - Commercial	Individual Peak	A		2045	2
Base	Stands - by Stand Code - Non Commercial	Overall peak	E		2025	0
Base	Stands - by Stand Code - Non Commercial	Overall peak	E		2030	0
Base	Stands - by Stand Code - Non Commercial	Overall peak	E		2035	0
Base	Stands - by Stand Code - Non Commercial	Overall peak	E		2040	0
Base	Stands - by Stand Code - Non Commercial	Overall peak	E		2045	0
Base	Stands - by Stand Code - Non Commercial	Overall peak	D		2025	0
Base	Stands - by Stand Code - Non Commercial	Overall peak	D		2030	0
Base	Stands - by Stand Code - Non Commercial	Overall peak	D		2035	0
Base	Stands - by Stand Code - Non Commercial	Overall peak	D		2040	0
Base	Stands - by Stand Code - Non Commercial	Overall peak	D		2045	0
Base	Stands - by Stand Code - Non Commercial	Overall peak	C		2025	2
Base	Stands - by Stand Code - Non Commercial	Overall peak	C		2030	4
Base	Stands - by Stand Code - Non Commercial	Overall peak	C		2035	4
Base	Stands - by Stand Code - Non Commercial	Overall peak	C		2040	4
Base	Stands - by Stand Code - Non Commercial	Overall peak	C		2045	4
Base	Stands - by Stand Code - Non Commercial	Overall peak	B		2025	6
Base	Stands - by Stand Code - Non Commercial	Overall peak	B		2030	7
Base	Stands - by Stand Code - Non Commercial	Overall peak	B		2035	7
Base	Stands - by Stand Code - Non Commercial	Overall peak	B		2040	7
Base	Stands - by Stand Code - Non Commercial	Overall peak	B		2045	8
Base	Stands - by Stand Code - Non Commercial	Overall peak	A		2025	2
Base	Stands - by Stand Code - Non Commercial	Overall peak	A		2030	2
Base	Stands - by Stand Code - Non Commercial	Overall peak	A		2035	2
Base	Stands - by Stand Code - Non Commercial	Overall peak	A		2040	3
Base	Stands - by Stand Code - Non Commercial	Overall peak	A		2045	2
Base	Stands - by Stand Code - Non Commercial	Overall peak	Total		2025	10
Base	Stands - by Stand Code - Non Commercial	Overall peak	Total		2030	13
Base	Stands - by Stand Code - Non Commercial	Overall peak	Total		2035	13
Base	Stands - by Stand Code - Non Commercial	Overall peak	Total		2040	14
Base	Stands - by Stand Code - Non Commercial	Overall peak	Total		2045	14
Base	Stands - by Stand Code - Non Commercial	Overnight Peak	E		2025	0
Base	Stands - by Stand Code - Non Commercial	Overnight Peak	E		2030	0
Base	Stands - by Stand Code - Non Commercial	Overnight Peak	E		2035	0
Base	Stands - by Stand Code - Non Commercial	Overnight Peak	E		2040	0
Base	Stands - by Stand Code - Non Commercial	Overnight Peak	E		2045	0
Base	Stands - by Stand Code - Non Commercial	Overnight Peak	D		2025	0
Base	Stands - by Stand Code - Non Commercial	Overnight Peak	D		2030	0
Base	Stands - by Stand Code - Non Commercial	Overnight Peak	D		2035	0
Base	Stands - by Stand Code - Non Commercial	Overnight Peak	D		2040	0
Base	Stands - by Stand Code - Non Commercial	Overnight Peak	D		2045	0
Base	Stands - by Stand Code - Non Commercial	Overnight Peak	C		2025	1
Base	Stands - by Stand Code - Non Commercial	Overnight Peak	C		2030	2
Base	Stands - by Stand Code - Non Commercial	Overnight Peak	C		2035	2
Base	Stands - by Stand Code - Non Commercial	Overnight Peak	C		2040	2
Base	Stands - by Stand Code - Non Commercial	Overnight Peak	C		2045	2
Base	Stands - by Stand Code - Non Commercial	Overnight Peak	B		2025	4
Base	Stands - by Stand Code - Non Commercial	Overnight Peak	B		2030	5
Base	Stands - by Stand Code - Non Commercial	Overnight Peak	B		2035	5
Base	Stands - by Stand Code - Non Commercial	Overnight Peak	B		2040	5
Base	Stands - by Stand Code - Non Commercial	Overnight Peak	B		2045	5
Base	Stands - by Stand Code - Non Commercial	Overnight Peak	A		2025	2
Base	Stands - by Stand Code - Non Commercial	Overnight Peak	A		2030	2
Base	Stands - by Stand Code - Non Commercial	Overnight Peak	A		2035	2
Base	Stands - by Stand Code - Non Commercial	Overnight Peak	A		2040	2
Base	Stands - by Stand Code - Non Commercial	Overnight Peak	A		2045	3
Base	Stands - by Stand Code - Non Commercial	Overnight Peak	Total		2025	7
Base	Stands - by Stand Code - Non Commercial	Overnight Peak	Total		2030	9
Base	Stands - by Stand Code - Non Commercial	Overnight Peak	Total		2035	9
Base	Stands - by Stand Code - Non Commercial	Overnight Peak	Total		2040	9
Base	Stands - by Stand Code - Non Commercial	Overnight Peak	Total		2045	10
Base	Stands - by Stand Code - Non Commercial	Individual Peak	E		2025	1
Base	Stands - by Stand Code - Non Commercial	Individual Peak	E		2030	1
Base	Stands - by Stand Code - Non Commercial	Individual Peak	E		2035	1
Base	Stands - by Stand Code - Non Commercial	Individual Peak	E		2040	1
Base	Stands - by Stand Code - Non Commercial	Individual Peak	E		2045	1
Base	Stands - by Stand Code - Non Commercial	Individual Peak	D		2025	2
Base	Stands - by Stand Code - Non Commercial	Individual Peak	D		2030	0
Base	Stands - by Stand Code - Non Commercial	Individual Peak	D		2035	0
Base	Stands - by Stand Code - Non Commercial	Individual Peak	D		2040	0
Base	Stands - by Stand Code - Non Commercial	Individual Peak	D		2045	0
Base	Stands - by Stand Code - Non Commercial	Individual Peak	C		2025	3
Base	Stands - by Stand Code - Non Commercial	Individual Peak	C		2030	5
Base	Stands - by Stand Code - Non Commercial	Individual Peak	C		2035	5
Base	Stands - by Stand Code - Non Commercial	Individual Peak	C		2040	5
Base	Stands - by Stand Code - Non Commercial	Individual Peak	C		2045	6
Base	Stands - by Stand Code - Non Commercial	Individual Peak	B		2025	8
Base	Stands - by Stand Code - Non Commercial	Individual Peak	B		2030	9
Base	Stands - by Stand Code - Non Commercial	Individual Peak	B		2035	10
Base	Stands - by Stand Code - Non Commercial	Individual Peak	B		2040	10
Base	Stands - by Stand Code - Non Commercial	Individual Peak	B		2045	10
Base	Stands - by Stand Code - Non Commercial	Individual Peak	A		2025	3
Base	Stands - by Stand Code - Non Commercial	Individual Peak	A		2030	4
Base	Stands - by Stand Code - Non Commercial	Individual Peak	A		2035	4
Base	Stands - by Stand Code - Non Commercial	Individual Peak	A		2040	4
Base	Stands - by Stand Code - Non Commercial	Individual Peak	A		2045	4
Base	Stands - by Stand Code - Overall	Overall peak	E		2025	1
Base	Stands - by Stand Code - Overall	Overall peak	E		2030	1
Base	Stands - by Stand Code - Overall	Overall peak	E		2035	1
Base	Stands - by Stand Code - Overall	Overall peak	E		2040	1
Base	Stands - by Stand Code - Overall	Overall peak	E		2045	1
Base	Stands - by Stand Code - Overall	Overall peak	D		2025	0
Base	Stands - by Stand Code - Overall	Overall peak	D		2030	0
Base	Stands - by Stand Code - Overall	Overall peak	D		2035	0
Base	Stands - by Stand Code - Overall	Overall peak	D		2040	0
Base	Stands - by Stand Code - Overall	Overall peak	D		2045	0
Base	Stands - by Stand Code - Overall	Overall peak	C		2025	15
Base	Stands - by Stand Code - Overall	Overall peak	C		2030	19
Base	Stands - by Stand Code - Overall	Overall peak	C		2035	22
Base	Stands - by Stand Code - Overall	Overall peak	C		2040	25
Base	Stands - by Stand Code - Overall	Overall peak	C		2045	28
Base	Stands - by Stand Code - Overall	Overall peak	B		2025	6
Base	Stands - by Stand Code - Overall	Overall peak	B		2030	6
Base	Stands - by Stand Code - Overall	Overall peak	B		2035	7
Base	Stands - by Stand Code - Overall	Overall peak	B		2040	7
Base	Stands - by Stand Code - Overall	Overall peak	B		2045	7
Base	Stands - by Stand Code - Overall	Overall peak	A		2025	2
Base	Stands - by Stand Code - Overall	Overall peak	A		2030	2
Base	Stands - by Stand Code - Overall	Overall peak	A		2035	2
Base	Stands - by Stand Code - Overall	Overall peak	A		2040	2
Base	Stands - by Stand Code - Overall	Overall peak	A		2045	2
Base	Stands - by Stand Code - Overall	Overall peak	Total		2025	24
Base	Stands - by Stand Code - Overall	Overall peak	Total		2030	28
Base	Stands - by Stand Code - Overall	Overall peak	Total		2035	32
Base	Stands - by Stand Code - Overall	Overall peak	Total		2040	35
Base	Stands - by Stand Code - Overall	Overall peak	Total		2045	38
Base	Stands - by Stand Code - Overall	Overnight Peak	E		2025	1
Base	Stands - by Stand Code - Overall	Overnight Peak	E		2030	1
Base	Stands - by Stand Code - Overall	Overnight Peak	E		2035	1
Base	Stands - by Stand Code - Overall	Overnight Peak	E		2040	1
Base	Stands - by Stand Code - Overall	Overnight Peak	E		2045	1
Base	Stands - by Stand Code - Overall	Overnight Peak	D		2025	0
Base	Stands - by Stand Code - Overall	Overnight Peak	D		2030	0
Base	Stands - by Stand Code - Overall	Overnight Peak	D		2035	0
Base	Stands - by Stand Code - Overall	Overnight Peak	D		2040	0
Base	Stands - by Stand Code - Overall	Overnight Peak	D		2045	0
Base	Stands - by Stand Code - Overall	Overnight Peak	C		2025	15
Base	Stands - by Stand Code - Overall	Overnight Peak	C		2030	19
Base	Stands - by Stand Code - Overall	Overnight Peak	C		2035	22
Base	Stands - by Stand Code - Overall	Overnight Peak	C		2040	25
Base	Stands - by Stand Code - Overall	Overnight Peak	C		2045	28
Base	Stands - by Stand Code - Overall	Overnight Peak	B		2025	5
Base	Stands - by Stand Code - Overall	Overnight Peak	B		2030	6
Base	Stands - by Stand Code - Overall	Overnight Peak	B		2035	7
Base	Stands - by Stand Code - Overall	Overnight Peak	B		2040	7
Base	Stands - by Stand Code - Overall	Overnight Peak	B		2045	7
Base	Stands - by Stand Code - Overall	Overnight Peak	A		2025	2
Base	Stands - by Stand Code - Overall	Overnight Peak	A		2030	2
Base	Stands - by Stand Code - Overall	Overnight Peak	A		2035	2
Base	Stands - by Stand Code - Overall	Overnight Peak	A		2040	2
Base	Stands - by Stand Code - Overall	Overnight Peak	A		2045	2
Base	Stands - by Stand Code - Overall	Overnight Peak	Total		2025	23
Base	Stands - by Stand Code - Overall	Overnight Peak	Total		2030	28
Base	Stands - by Stand Code - Overall	Overnight Peak	Total		2035	32
Base	Stands - by Stand Code - Overall	Overnight Peak	Total		2040	35
Base	Stands - by Stand Code - Overall	Overnight Peak	Total		2045	38
Base	Stands - by Stand Code - Overall	Individual Peak	E		2025	2
Base	Stands - by Stand Code - Overall	Individual Peak	E		2030	2
Base	Stands - by Stand Code - Overall	Individual Peak	E		2035	2
Base	Stands - by Stand Code - Overall	Individual Peak	E		2040	2
Base	Stands - by Stand Code - Overall	Individual Peak	E		2045	2
Base	Stands - by Stand Code - Overall	Individual Peak	D		2025	3
Base	Stands - by Stand Code - Overall	Individual Peak	D		2030	0
Base	Stands - by Stand Code - Overall	Individual Peak	D		2035	0
Base	Stands - by Stand Code - Overall	Individual Peak	D		2040	0
Base	Stands - by Stand Code - Overall	Individual Peak	D		2045	0
Base	Stands - by Stand Code - Overall	Individual Peak	C		2025	22
Base	Stands - by Stand Code - Overall	Individual Peak	C		2030	25
Base	Stands - by Stand Code - Overall	Individual Peak	C		2035	28
Base	Stands - by Stand Code - Overall	Individual Peak	C		2040	30
Base	Stands - by Stand Code - Overall	Individual Peak	C		2045	31
Base	Stands - by Stand Code - Overall	Individual Peak	B		2025	9
Base	Stands - by Stand Code - Overall	Individual Peak	B		2030	12
Base	Stands - by Stand Code - Overall	Individual Peak	B		2035	12
Base	Stands - by Stand Code - Overall	Individual Peak	B		2040	13
Base	Stands - by Stand Code - Overall	Individual Peak	B		2045	13
Base	Stands - by Stand Code - Overall	Individual Peak	A		2025	3
Base	Stands - by Stand Code - Overall	Individual Peak	A		2030	4
Base	Stands - by Stand Code - Overall	Individual Peak	A		2035	4
Base	Stands - by Stand Code - Overall	Individual Peak	A		2040	4
Base	Stands - by Stand Code - Overall	Individual Peak	A		2045	4
Stand Scenario	Stands - by Stand Code - Old Terminal - Commercial	Overall peak	E		2025	0
Stand Scenario	Stands - by Stand Code - Old Terminal - Commercial	Overall peak	E		2030	0
Stand Scenario	Stands - by Stand Code - Old Terminal - Commercial	Overall peak	E		2035	0
Stand Scenario	Stands - by Stand Code - Old Terminal - Commercial	Overall peak	E		2040	0
Stand Scenario	Stands - by Stand Code - Old Terminal - Commercial	Overall peak	E		2045	0
Stand Scenario	Stands - by Stand Code - Old Terminal - Commercial	Overall peak	D		2025	0
Stand Scenario	Stands - by Stand Code - Old Terminal - Commercial	Overall peak	D		2030	0
Stand Scenario	Stands - by Stand Code - Old Terminal - Commercial	Overall peak	D		2035	0
Stand Scenario	Stands - by Stand Code - Old Terminal - Commercial	Overall peak	D		2040	0
Stand Scenario	Stands - by Stand Code - Old Terminal - Commercial	Overall peak	D		2045	0
Stand Scenario	Stands - by Stand Code - Old Terminal - Commercial	Overall peak	C		2025	9
Stand Scenario	Stands - by Stand Code - Old Terminal - Commercial	Overall peak	C		2030	14
Stand Scenario	Stands - by Stand Code - Old Terminal - Commercial	Overall peak	C		2035	16
Stand Scenario	Stands - by Stand Code - Old Terminal - Commercial	Overall peak	C		2040	16
Stand Scenario	Stands - by Stand Code - Old Terminal - Commercial	Overall peak	C		2045	17
Stand Scenario	Stands - by Stand Code - Old Terminal - Commercial	Overall peak	B		2025	0
Stand Scenario	Stands - by Stand Code - Old Terminal - Commercial	Overall peak	B		2030	0
Stand Scenario	Stands - by Stand Code - Old Terminal - Commercial	Overall peak	B		2035	0
Stand Scenario	Stands - by Stand Code - Old Terminal - Commercial	Overall peak	B		2040	0
Stand Scenario	Stands - by Stand Code - Old Terminal - Commercial	Overall peak	B		2045	0
Stand Scenario	Stands - by Stand Code - Old Terminal - Commercial	Overall peak	A		2025	0
Stand Scenario	Stands - by Stand Code - Old Terminal - Commercial	Overall peak	A		2030	0
Stand Scenario	Stands - by Stand Code - Old Terminal - Commercial	Overall peak	A		2035	0
Stand Scenario	Stands - by Stand Code - Old Terminal - Commercial	Overall peak	A		2040	0
Stand Scenario	Stands - by Stand Code - Old Terminal - Commercial	Overall peak	A		2045	0
Stand Scenario	Stands - by Stand Code - Old Terminal - Commercial	Overall peak	Total		2025	9
Stand Scenario	Stands - by Stand Code - Old Terminal - Commercial	Overall peak	Total		2030	14
Stand Scenario	Stands - by Stand Code - Old Terminal - Commercial	Overall peak	Total		2035	16
Stand Scenario	Stands - by Stand Code - Old Terminal - Commercial	Overall peak	Total		2040	16
Stand Scenario	Stands - by Stand Code - Old Terminal - Commercial	Overall peak	Total		2045	17
Stand Scenario	Stands - by Stand Code - Old Terminal - Commercial	Overnight Peak	E		2025	0
Stand Scenario	Stands - by Stand Code - Old Terminal - Commercial	Overnight Peak	E		2030	0
Stand Scenario	Stands - by Stand Code - Old Terminal - Commercial	Overnight Peak	E		2035	0
Stand Scenario	Stands - by Stand Code - Old Terminal - Commercial	Overnight Peak	E		2040	0
Stand Scenario	Stands - by Stand Code - Old Terminal - Commercial	Overnight Peak	E		2045	0
Stand Scenario	Stands - by Stand Code - Old Terminal - Commercial	Overnight Peak	D		2025	0
Stand Scenario	Stands - by Stand Code - Old Terminal - Commercial	Overnight Peak	D		2030	0
Stand Scenario	Stands - by Stand Code - Old Terminal - Commercial	Overnight Peak	D		2035	0
Stand Scenario	Stands - by Stand Code - Old Terminal - Commercial	Overnight Peak	D		2040	0
Stand Scenario	Stands - by Stand Code - Old Terminal - Commercial	Overnight Peak	D		2045	0
Stand Scenario	Stands - by Stand Code - Old Terminal - Commercial	Overnight Peak	C		2025	7
Stand Scenario	Stands - by Stand Code - Old Terminal - Commercial	Overnight Peak	C		2030	12
Stand Scenario	Stands - by Stand Code - Old Terminal - Commercial	Overnight Peak	C		2035	13
Stand Scenario	Stands - by Stand Code - Old Terminal - Commercial	Overnight Peak	C		2040	14
Stand Scenario	Stands - by Stand Code - Old Terminal - Commercial	Overnight Peak	C		2045	15
Stand Scenario	Stands - by Stand Code - Old Terminal - Commercial	Overnight Peak	B		2025	0
Stand Scenario	Stands - by Stand Code - Old Terminal - Commercial	Overnight Peak	B		2030	0
Stand Scenario	Stands - by Stand Code - Old Terminal - Commercial	Overnight Peak	B		2035	0
Stand Scenario	Stands - by Stand Code - Old Terminal - Commercial	Overnight Peak	B		2040	0
Stand Scenario	Stands - by Stand Code - Old Terminal - Commercial	Overnight Peak	B		2045	0
Stand Scenario	Stands - by Stand Code - Old Terminal - Commercial	Overnight Peak	A		2025	0
Stand Scenario	Stands - by Stand Code - Old Terminal - Commercial	Overnight Peak	A		2030	0
Stand Scenario	Stands - by Stand Code - Old Terminal - Commercial	Overnight Peak	A		2035	0
Stand Scenario	Stands - by Stand Code - Old Terminal - Commercial	Overnight Peak	A		2040	0
Stand Scenario	Stands - by Stand Code - Old Terminal - Commercial	Overnight Peak	A		2045	0
Stand Scenario	Stands - by Stand Code - Old Terminal - Commercial	Overnight Peak	Total		2025	7
Stand Scenario	Stands - by Stand Code - Old Terminal - Commercial	Overnight Peak	Total		2030	12
Stand Scenario	Stands - by Stand Code - Old Terminal - Commercial	Overnight Peak	Total		2035	13
Stand Scenario	Stands - by Stand Code - Old Terminal - Commercial	Overnight Peak	Total		2040	14
Stand Scenario	Stands - by Stand Code - Old Terminal - Commercial	Overnight Peak	Total		2045	15
Stand Scenario	Stands - by Stand Code - Old Terminal - Commercial	Individual Peak	E		2025	1
Stand Scenario	Stands - by Stand Code - Old Terminal - Commercial	Individual Peak	E		2030	1
Stand Scenario	Stands - by Stand Code - Old Terminal - Commercial	Individual Peak	E		2035	1
Stand Scenario	Stands - by Stand Code - Old Terminal - Commercial	Individual Peak	E		2040	1
Stand Scenario	Stands - by Stand Code - Old Terminal - Commercial	Individual Peak	E		2045	1
Stand Scenario	Stands - by Stand Code - Old Terminal - Commercial	Individual Peak	D		2025	0
Stand Scenario	Stands - by Stand Code - Old Terminal - Commercial	Individual Peak	D		2030	0
Stand Scenario	Stands - by Stand Code - Old Terminal - Commercial	Individual Peak	D		2035	0
Stand Scenario	Stands - by Stand Code - Old Terminal - Commercial	Individual Peak	D		2040	0
Stand Scenario	Stands - by Stand Code - Old Terminal - Commercial	Individual Peak	D		2045	0
Stand Scenario	Stands - by Stand Code - Old Terminal - Commercial	Individual Peak	C		2025	9
Stand Scenario	Stands - by Stand Code - Old Terminal - Commercial	Individual Peak	C		2030	14
Stand Scenario	Stands - by Stand Code - Old Terminal - Commercial	Individual Peak	C		2035	16
Stand Scenario	Stands - by Stand Code - Old Terminal - Commercial	Individual Peak	C		2040	16
Stand Scenario	Stands - by Stand Code - Old Terminal - Commercial	Individual Peak	C		2045	17
Stand Scenario	Stands - by Stand Code - Old Terminal - Commercial	Individual Peak	B		2025	1
Stand Scenario	Stands - by Stand Code - Old Terminal - Commercial	Individual Peak	B		2030	2
Stand Scenario	Stands - by Stand Code - Old Terminal - Commercial	Individual Peak	B		2035	2
Stand Scenario	Stands - by Stand Code - Old Terminal - Commercial	Individual Peak	B		2040	2
Stand Scenario	Stands - by Stand Code - Old Terminal - Commercial	Individual Peak	B		2045	2
Stand Scenario	Stands - by Stand Code - Old Terminal - Commercial	Individual Peak	A		2025	1
Stand Scenario	Stands - by Stand Code - Old Terminal - Commercial	Individual Peak	A		2030	2
Stand Scenario	Stands - by Stand Code - Old Terminal - Commercial	Individual Peak	A		2035	2
Stand Scenario	Stands - by Stand Code - Old Terminal - Commercial	Individual Peak	A		2040	2
Stand Scenario	Stands - by Stand Code - Old Terminal - Commercial	Individual Peak	A		2045	2
Stand Scenario	Stands - by Stand Code - New Terminal - Commercial	Overall peak	E		2025	0
Stand Scenario	Stands - by Stand Code - New Terminal - Commercial	Overall peak	E		2030	0
Stand Scenario	Stands - by Stand Code - New Terminal - Commercial	Overall peak	E		2035	0
Stand Scenario	Stands - by Stand Code - New Terminal - Commercial	Overall peak	E		2040	0
Stand Scenario	Stands - by Stand Code - New Terminal - Commercial	Overall peak	E		2045	0
Stand Scenario	Stands - by Stand Code - New Terminal - Commercial	Overall peak	D		2025	0
Stand Scenario	Stands - by Stand Code - New Terminal - Commercial	Overall peak	D		2030	0
Stand Scenario	Stands - by Stand Code - New Terminal - Commercial	Overall peak	D		2035	0
Stand Scenario	Stands - by Stand Code - New Terminal - Commercial	Overall peak	D		2040	0
Stand Scenario	Stands - by Stand Code - New Terminal - Commercial	Overall peak	D		2045	0
Stand Scenario	Stands - by Stand Code - New Terminal - Commercial	Overall peak	C		2025	18
Stand Scenario	Stands - by Stand Code - New Terminal - Commercial	Overall peak	C		2030	19
Stand Scenario	Stands - by Stand Code - New Terminal - Commercial	Overall peak	C		2035	21
Stand Scenario	Stands - by Stand Code - New Terminal - Commercial	Overall peak	C		2040	22
Stand Scenario	Stands - by Stand Code - New Terminal - Commercial	Overall peak	C		2045	23
Stand Scenario	Stands - by Stand Code - New Terminal - Commercial	Overall peak	B		2025	0
Stand Scenario	Stands - by Stand Code - New Terminal - Commercial	Overall peak	B		2030	0
Stand Scenario	Stands - by Stand Code - New Terminal - Commercial	Overall peak	B		2035	0
Stand Scenario	Stands - by Stand Code - New Terminal - Commercial	Overall peak	B		2040	0
Stand Scenario	Stands - by Stand Code - New Terminal - Commercial	Overall peak	B		2045	0
Stand Scenario	Stands - by Stand Code - New Terminal - Commercial	Overall peak	A		2025	0
Stand Scenario	Stands - by Stand Code - New Terminal - Commercial	Overall peak	A		2030	0
Stand Scenario	Stands - by Stand Code - New Terminal - Commercial	Overall peak	A		2035	0
Stand Scenario	Stands - by Stand Code - New Terminal - Commercial	Overall peak	A		2040	0
Stand Scenario	Stands - by Stand Code - New Terminal - Commercial	Overall peak	A		2045	0
Stand Scenario	Stands - by Stand Code - New Terminal - Commercial	Overall peak	Total		2025	18
Stand Scenario	Stands - by Stand Code - New Terminal - Commercial	Overall peak	Total		2030	19
Stand Scenario	Stands - by Stand Code - New Terminal - Commercial	Overall peak	Total		2035	21
Stand Scenario	Stands - by Stand Code - New Terminal - Commercial	Overall peak	Total		2040	22
Stand Scenario	Stands - by Stand Code - New Terminal - Commercial	Overall peak	Total		2045	23
Stand Scenario	Stands - by Stand Code - New Terminal - Commercial	Overnight Peak	E		2025	0
Stand Scenario	Stands - by Stand Code - New Terminal - Commercial	Overnight Peak	E		2030	0
Stand Scenario	Stands - by Stand Code - New Terminal - Commercial	Overnight Peak	E		2035	0
Stand Scenario	Stands - by Stand Code - New Terminal - Commercial	Overnight Peak	E		2040	0
Stand Scenario	Stands - by Stand Code - New Terminal - Commercial	Overnight Peak	E		2045	0
Stand Scenario	Stands - by Stand Code - New Terminal - Commercial	Overnight Peak	D		2025	0
Stand Scenario	Stands - by Stand Code - New Terminal - Commercial	Overnight Peak	D		2030	0
Stand Scenario	Stands - by Stand Code - New Terminal - Commercial	Overnight Peak	D		2035	0
Stand Scenario	Stands - by Stand Code - New Terminal - Commercial	Overnight Peak	D		2040	0
Stand Scenario	Stands - by Stand Code - New Terminal - Commercial	Overnight Peak	D		2045	0
Stand Scenario	Stands - by Stand Code - New Terminal - Commercial	Overnight Peak	C		2025	15
Stand Scenario	Stands - by Stand Code - New Terminal - Commercial	Overnight Peak	C		2030	15
Stand Scenario	Stands - by Stand Code - New Terminal - Commercial	Overnight Peak	C		2035	16
Stand Scenario	Stands - by Stand Code - New Terminal - Commercial	Overnight Peak	C		2040	18
Stand Scenario	Stands - by Stand Code - New Terminal - Commercial	Overnight Peak	C		2045	19
Stand Scenario	Stands - by Stand Code - New Terminal - Commercial	Overnight Peak	B		2025	0
Stand Scenario	Stands - by Stand Code - New Terminal - Commercial	Overnight Peak	B		2030	0
Stand Scenario	Stands - by Stand Code - New Terminal - Commercial	Overnight Peak	B		2035	0
Stand Scenario	Stands - by Stand Code - New Terminal - Commercial	Overnight Peak	B		2040	0
Stand Scenario	Stands - by Stand Code - New Terminal - Commercial	Overnight Peak	B		2045	0
Stand Scenario	Stands - by Stand Code - New Terminal - Commercial	Overnight Peak	A		2025	0
Stand Scenario	Stands - by Stand Code - New Terminal - Commercial	Overnight Peak	A		2030	0
Stand Scenario	Stands - by Stand Code - New Terminal - Commercial	Overnight Peak	A		2035	0
Stand Scenario	Stands - by Stand Code - New Terminal - Commercial	Overnight Peak	A		2040	0
Stand Scenario	Stands - by Stand Code - New Terminal - Commercial	Overnight Peak	A		2045	0
Stand Scenario	Stands - by Stand Code - New Terminal - Commercial	Overnight Peak	Total		2025	15
Stand Scenario	Stands - by Stand Code - New Terminal - Commercial	Overnight Peak	Total		2030	15
Stand Scenario	Stands - by Stand Code - New Terminal - Commercial	Overnight Peak	Total		2035	16
Stand Scenario	Stands - by Stand Code - New Terminal - Commercial	Overnight Peak	Total		2040	18
Stand Scenario	Stands - by Stand Code - New Terminal - Commercial	Overnight Peak	Total		2045	19
Stand Scenario	Stands - by Stand Code - New Terminal - Commercial	Individual Peak	E		2025	2
Stand Scenario	Stands - by Stand Code - New Terminal - Commercial	Individual Peak	E		2030	2
Stand Scenario	Stands - by Stand Code - New Terminal - Commercial	Individual Peak	E		2035	2
Stand Scenario	Stands - by Stand Code - New Terminal - Commercial	Individual Peak	E		2040	2
Stand Scenario	Stands - by Stand Code - New Terminal - Commercial	Individual Peak	E		2045	2
Stand Scenario	Stands - by Stand Code - New Terminal - Commercial	Individual Peak	D		2025	2
Stand Scenario	Stands - by Stand Code - New Terminal - Commercial	Individual Peak	D		2030	0
Stand Scenario	Stands - by Stand Code - New Terminal - Commercial	Individual Peak	D		2035	0
Stand Scenario	Stands - by Stand Code - New Terminal - Commercial	Individual Peak	D		2040	0
Stand Scenario	Stands - by Stand Code - New Terminal - Commercial	Individual Peak	D		2045	0
Stand Scenario	Stands - by Stand Code - New Terminal - Commercial	Individual Peak	C		2025	18
Stand Scenario	Stands - by Stand Code - New Terminal - Commercial	Individual Peak	C		2030	19
Stand Scenario	Stands - by Stand Code - New Terminal - Commercial	Individual Peak	C		2035	21
Stand Scenario	Stands - by Stand Code - New Terminal - Commercial	Individual Peak	C		2040	22
Stand Scenario	Stands - by Stand Code - New Terminal - Commercial	Individual Peak	C		2045	23
Stand Scenario	Stands - by Stand Code - New Terminal - Commercial	Individual Peak	B		2025	3
Stand Scenario	Stands - by Stand Code - New Terminal - Commercial	Individual Peak	B		2030	4
Stand Scenario	Stands - by Stand Code - New Terminal - Commercial	Individual Peak	B		2035	4
Stand Scenario	Stands - by Stand Code - New Terminal - Commercial	Individual Peak	B		2040	4
Stand Scenario	Stands - by Stand Code - New Terminal - Commercial	Individual Peak	B		2045	4
Stand Scenario	Stands - by Stand Code - New Terminal - Commercial	Individual Peak	A		2025	1
Stand Scenario	Stands - by Stand Code - New Terminal - Commercial	Individual Peak	A		2030	0
Stand Scenario	Stands - by Stand Code - New Terminal - Commercial	Individual Peak	A		2035	0
Stand Scenario	Stands - by Stand Code - New Terminal - Commercial	Individual Peak	A		2040	0
Stand Scenario	Stands - by Stand Code - New Terminal - Commercial	Individual Peak	A		2045	0
Stand Scenario	Stands - by Stand Code - Commercial	Overall peak	E		2025	0
Stand Scenario	Stands - by Stand Code - Commercial	Overall peak	E		2030	0
Stand Scenario	Stands - by Stand Code - Commercial	Overall peak	E		2035	0
Stand Scenario	Stands - by Stand Code - Commercial	Overall peak	E		2040	0
Stand Scenario	Stands - by Stand Code - Commercial	Overall peak	E		2045	0
Stand Scenario	Stands - by Stand Code - Commercial	Overall peak	D		2025	0
Stand Scenario	Stands - by Stand Code - Commercial	Overall peak	D		2030	0
Stand Scenario	Stands - by Stand Code - Commercial	Overall peak	D		2035	0
Stand Scenario	Stands - by Stand Code - Commercial	Overall peak	D		2040	0
Stand Scenario	Stands - by Stand Code - Commercial	Overall peak	D		2045	0
Stand Scenario	Stands - by Stand Code - Commercial	Overall peak	C		2025	23
Stand Scenario	Stands - by Stand Code - Commercial	Overall peak	C		2030	27
Stand Scenario	Stands - by Stand Code - Commercial	Overall peak	C		2035	29
Stand Scenario	Stands - by Stand Code - Commercial	Overall peak	C		2040	31
Stand Scenario	Stands - by Stand Code - Commercial	Overall peak	C		2045	33
Stand Scenario	Stands - by Stand Code - Commercial	Overall peak	B		2025	0
Stand Scenario	Stands - by Stand Code - Commercial	Overall peak	B		2030	0
Stand Scenario	Stands - by Stand Code - Commercial	Overall peak	B		2035	0
Stand Scenario	Stands - by Stand Code - Commercial	Overall peak	B		2040	0
Stand Scenario	Stands - by Stand Code - Commercial	Overall peak	B		2045	0
Stand Scenario	Stands - by Stand Code - Commercial	Overall peak	A		2025	0
Stand Scenario	Stands - by Stand Code - Commercial	Overall peak	A		2030	0
Stand Scenario	Stands - by Stand Code - Commercial	Overall peak	A		2035	0
Stand Scenario	Stands - by Stand Code - Commercial	Overall peak	A		2040	0
Stand Scenario	Stands - by Stand Code - Commercial	Overall peak	A		2045	0
Stand Scenario	Stands - by Stand Code - Commercial	Overall peak	Total		2025	23
Stand Scenario	Stands - by Stand Code - Commercial	Overall peak	Total		2030	27
Stand Scenario	Stands - by Stand Code - Commercial	Overall peak	Total		2035	29
Stand Scenario	Stands - by Stand Code - Commercial	Overall peak	Total		2040	31
Stand Scenario	Stands - by Stand Code - Commercial	Overall peak	Total		2045	33
Stand Scenario	Stands - by Stand Code - Commercial	Overnight Peak	E		2025	0
Stand Scenario	Stands - by Stand Code - Commercial	Overnight Peak	E		2030	0
Stand Scenario	Stands - by Stand Code - Commercial	Overnight Peak	E		2035	0
Stand Scenario	Stands - by Stand Code - Commercial	Overnight Peak	E		2040	0
Stand Scenario	Stands - by Stand Code - Commercial	Overnight Peak	E		2045	0
Stand Scenario	Stands - by Stand Code - Commercial	Overnight Peak	D		2025	0
Stand Scenario	Stands - by Stand Code - Commercial	Overnight Peak	D		2030	0
Stand Scenario	Stands - by Stand Code - Commercial	Overnight Peak	D		2035	0
Stand Scenario	Stands - by Stand Code - Commercial	Overnight Peak	D		2040	0
Stand Scenario	Stands - by Stand Code - Commercial	Overnight Peak	D		2045	0
Stand Scenario	Stands - by Stand Code - Commercial	Overnight Peak	C		2025	19
Stand Scenario	Stands - by Stand Code - Commercial	Overnight Peak	C		2030	23
Stand Scenario	Stands - by Stand Code - Commercial	Overnight Peak	C		2035	25
Stand Scenario	Stands - by Stand Code - Commercial	Overnight Peak	C		2040	28
Stand Scenario	Stands - by Stand Code - Commercial	Overnight Peak	C		2045	30
Stand Scenario	Stands - by Stand Code - Commercial	Overnight Peak	B		2025	0
Stand Scenario	Stands - by Stand Code - Commercial	Overnight Peak	B		2030	0
Stand Scenario	Stands - by Stand Code - Commercial	Overnight Peak	B		2035	0
Stand Scenario	Stands - by Stand Code - Commercial	Overnight Peak	B		2040	0
Stand Scenario	Stands - by Stand Code - Commercial	Overnight Peak	B		2045	0
Stand Scenario	Stands - by Stand Code - Commercial	Overnight Peak	A		2025	0
Stand Scenario	Stands - by Stand Code - Commercial	Overnight Peak	A		2030	0
Stand Scenario	Stands - by Stand Code - Commercial	Overnight Peak	A		2035	0
Stand Scenario	Stands - by Stand Code - Commercial	Overnight Peak	A		2040	0
Stand Scenario	Stands - by Stand Code - Commercial	Overnight Peak	A		2045	0
Stand Scenario	Stands - by Stand Code - Commercial	Overnight Peak	Total		2025	19
Stand Scenario	Stands - by Stand Code - Commercial	Overnight Peak	Total		2030	23
Stand Scenario	Stands - by Stand Code - Commercial	Overnight Peak	Total		2035	25
Stand Scenario	Stands - by Stand Code - Commercial	Overnight Peak	Total		2040	28
Stand Scenario	Stands - by Stand Code - Commercial	Overnight Peak	Total		2045	30
Stand Scenario	Stands - by Stand Code - Commercial	Individual Peak	E		2025	2
Stand Scenario	Stands - by Stand Code - Commercial	Individual Peak	E		2030	2
Stand Scenario	Stands - by Stand Code - Commercial	Individual Peak	E		2035	2
Stand Scenario	Stands - by Stand Code - Commercial	Individual Peak	E		2040	2
Stand Scenario	Stands - by Stand Code - Commercial	Individual Peak	E		2045	2
Stand Scenario	Stands - by Stand Code - Commercial	Individual Peak	D		2025	2
Stand Scenario	Stands - by Stand Code - Commercial	Individual Peak	D		2030	0
Stand Scenario	Stands - by Stand Code - Commercial	Individual Peak	D		2035	0
Stand Scenario	Stands - by Stand Code - Commercial	Individual Peak	D		2040	0
Stand Scenario	Stands - by Stand Code - Commercial	Individual Peak	D		2045	0
Stand Scenario	Stands - by Stand Code - Commercial	Individual Peak	C		2025	23
Stand Scenario	Stands - by Stand Code - Commercial	Individual Peak	C		2030	27
Stand Scenario	Stands - by Stand Code - Commercial	Individual Peak	C		2035	29
Stand Scenario	Stands - by Stand Code - Commercial	Individual Peak	C		2040	31
Stand Scenario	Stands - by Stand Code - Commercial	Individual Peak	C		2045	33
Stand Scenario	Stands - by Stand Code - Commercial	Individual Peak	B		2025	3
Stand Scenario	Stands - by Stand Code - Commercial	Individual Peak	B		2030	4
Stand Scenario	Stands - by Stand Code - Commercial	Individual Peak	B		2035	4
Stand Scenario	Stands - by Stand Code - Commercial	Individual Peak	B		2040	4
Stand Scenario	Stands - by Stand Code - Commercial	Individual Peak	B		2045	4
Stand Scenario	Stands - by Stand Code - Commercial	Individual Peak	A		2025	1
Stand Scenario	Stands - by Stand Code - Commercial	Individual Peak	A		2030	2
Stand Scenario	Stands - by Stand Code - Commercial	Individual Peak	A		2035	2
Stand Scenario	Stands - by Stand Code - Commercial	Individual Peak	A		2040	2
Stand Scenario	Stands - by Stand Code - Commercial	Individual Peak	A		2045	2
Stand Scenario	Stands - by Stand Code - Non Commercial	Overall peak	E		2025	0
Stand Scenario	Stands - by Stand Code - Non Commercial	Overall peak	E		2030	0
Stand Scenario	Stands - by Stand Code - Non Commercial	Overall peak	E		2035	0
Stand Scenario	Stands - by Stand Code - Non Commercial	Overall peak	E		2040	0
Stand Scenario	Stands - by Stand Code - Non Commercial	Overall peak	E		2045	0
Stand Scenario	Stands - by Stand Code - Non Commercial	Overall peak	D		2025	0
Stand Scenario	Stands - by Stand Code - Non Commercial	Overall peak	D		2030	0
Stand Scenario	Stands - by Stand Code - Non Commercial	Overall peak	D		2035	0
Stand Scenario	Stands - by Stand Code - Non Commercial	Overall peak	D		2040	0
Stand Scenario	Stands - by Stand Code - Non Commercial	Overall peak	D		2045	0
Stand Scenario	Stands - by Stand Code - Non Commercial	Overall peak	C		2025	2
Stand Scenario	Stands - by Stand Code - Non Commercial	Overall peak	C		2030	4
Stand Scenario	Stands - by Stand Code - Non Commercial	Overall peak	C		2035	4
Stand Scenario	Stands - by Stand Code - Non Commercial	Overall peak	C		2040	4
Stand Scenario	Stands - by Stand Code - Non Commercial	Overall peak	C		2045	4
Stand Scenario	Stands - by Stand Code - Non Commercial	Overall peak	B		2025	6
Stand Scenario	Stands - by Stand Code - Non Commercial	Overall peak	B		2030	7
Stand Scenario	Stands - by Stand Code - Non Commercial	Overall peak	B		2035	7
Stand Scenario	Stands - by Stand Code - Non Commercial	Overall peak	B		2040	7
Stand Scenario	Stands - by Stand Code - Non Commercial	Overall peak	B		2045	8
Stand Scenario	Stands - by Stand Code - Non Commercial	Overall peak	A		2025	2
Stand Scenario	Stands - by Stand Code - Non Commercial	Overall peak	A		2030	2
Stand Scenario	Stands - by Stand Code - Non Commercial	Overall peak	A		2035	2
Stand Scenario	Stands - by Stand Code - Non Commercial	Overall peak	A		2040	3
Stand Scenario	Stands - by Stand Code - Non Commercial	Overall peak	A		2045	2
Stand Scenario	Stands - by Stand Code - Non Commercial	Overall peak	Total		2025	10
Stand Scenario	Stands - by Stand Code - Non Commercial	Overall peak	Total		2030	13
Stand Scenario	Stands - by Stand Code - Non Commercial	Overall peak	Total		2035	13
Stand Scenario	Stands - by Stand Code - Non Commercial	Overall peak	Total		2040	14
Stand Scenario	Stands - by Stand Code - Non Commercial	Overall peak	Total		2045	14
Stand Scenario	Stands - by Stand Code - Non Commercial	Overnight Peak	E		2025	0
Stand Scenario	Stands - by Stand Code - Non Commercial	Overnight Peak	E		2030	0
Stand Scenario	Stands - by Stand Code - Non Commercial	Overnight Peak	E		2035	0
Stand Scenario	Stands - by Stand Code - Non Commercial	Overnight Peak	E		2040	0
Stand Scenario	Stands - by Stand Code - Non Commercial	Overnight Peak	E		2045	0
Stand Scenario	Stands - by Stand Code - Non Commercial	Overnight Peak	D		2025	0
Stand Scenario	Stands - by Stand Code - Non Commercial	Overnight Peak	D		2030	0
Stand Scenario	Stands - by Stand Code - Non Commercial	Overnight Peak	D		2035	0
Stand Scenario	Stands - by Stand Code - Non Commercial	Overnight Peak	D		2040	0
Stand Scenario	Stands - by Stand Code - Non Commercial	Overnight Peak	D		2045	0
Stand Scenario	Stands - by Stand Code - Non Commercial	Overnight Peak	C		2025	1
Stand Scenario	Stands - by Stand Code - Non Commercial	Overnight Peak	C		2030	2
Stand Scenario	Stands - by Stand Code - Non Commercial	Overnight Peak	C		2035	2
Stand Scenario	Stands - by Stand Code - Non Commercial	Overnight Peak	C		2040	2
Stand Scenario	Stands - by Stand Code - Non Commercial	Overnight Peak	C		2045	2
Stand Scenario	Stands - by Stand Code - Non Commercial	Overnight Peak	B		2025	4
Stand Scenario	Stands - by Stand Code - Non Commercial	Overnight Peak	B		2030	5
Stand Scenario	Stands - by Stand Code - Non Commercial	Overnight Peak	B		2035	5
Stand Scenario	Stands - by Stand Code - Non Commercial	Overnight Peak	B		2040	5
Stand Scenario	Stands - by Stand Code - Non Commercial	Overnight Peak	B		2045	5
Stand Scenario	Stands - by Stand Code - Non Commercial	Overnight Peak	A		2025	2
Stand Scenario	Stands - by Stand Code - Non Commercial	Overnight Peak	A		2030	2
Stand Scenario	Stands - by Stand Code - Non Commercial	Overnight Peak	A		2035	2
Stand Scenario	Stands - by Stand Code - Non Commercial	Overnight Peak	A		2040	2
Stand Scenario	Stands - by Stand Code - Non Commercial	Overnight Peak	A		2045	3
Stand Scenario	Stands - by Stand Code - Non Commercial	Overnight Peak	Total		2025	7
Stand Scenario	Stands - by Stand Code - Non Commercial	Overnight Peak	Total		2030	9
Stand Scenario	Stands - by Stand Code - Non Commercial	Overnight Peak	Total		2035	9
Stand Scenario	Stands - by Stand Code - Non Commercial	Overnight Peak	Total		2040	9
Stand Scenario	Stands - by Stand Code - Non Commercial	Overnight Peak	Total		2045	10
Stand Scenario	Stands - by Stand Code - Non Commercial	Individual Peak	E		2025	1
Stand Scenario	Stands - by Stand Code - Non Commercial	Individual Peak	E		2030	1
Stand Scenario	Stands - by Stand Code - Non Commercial	Individual Peak	E		2035	1
Stand Scenario	Stands - by Stand Code - Non Commercial	Individual Peak	E		2040	1
Stand Scenario	Stands - by Stand Code - Non Commercial	Individual Peak	E		2045	1
Stand Scenario	Stands - by Stand Code - Non Commercial	Individual Peak	D		2025	2
Stand Scenario	Stands - by Stand Code - Non Commercial	Individual Peak	D		2030	0
Stand Scenario	Stands - by Stand Code - Non Commercial	Individual Peak	D		2035	0
Stand Scenario	Stands - by Stand Code - Non Commercial	Individual Peak	D		2040	0
Stand Scenario	Stands - by Stand Code - Non Commercial	Individual Peak	D		2045	0
Stand Scenario	Stands - by Stand Code - Non Commercial	Individual Peak	C		2025	3
Stand Scenario	Stands - by Stand Code - Non Commercial	Individual Peak	C		2030	5
Stand Scenario	Stands - by Stand Code - Non Commercial	Individual Peak	C		2035	5
Stand Scenario	Stands - by Stand Code - Non Commercial	Individual Peak	C		2040	5
Stand Scenario	Stands - by Stand Code - Non Commercial	Individual Peak	C		2045	6
Stand Scenario	Stands - by Stand Code - Non Commercial	Individual Peak	B		2025	8
Stand Scenario	Stands - by Stand Code - Non Commercial	Individual Peak	B		2030	9
Stand Scenario	Stands - by Stand Code - Non Commercial	Individual Peak	B		2035	10
Stand Scenario	Stands - by Stand Code - Non Commercial	Individual Peak	B		2040	10
Stand Scenario	Stands - by Stand Code - Non Commercial	Individual Peak	B		2045	10
Stand Scenario	Stands - by Stand Code - Non Commercial	Individual Peak	A		2025	4
Stand Scenario	Stands - by Stand Code - Non Commercial	Individual Peak	A		2030	5
Stand Scenario	Stands - by Stand Code - Non Commercial	Individual Peak	A		2035	5
Stand Scenario	Stands - by Stand Code - Non Commercial	Individual Peak	A		2040	5
Stand Scenario	Stands - by Stand Code - Non Commercial	Individual Peak	A		2045	5
Stand Scenario	Stands - by Stand Code - Overall	Overall peak	E		2025	0
Stand Scenario	Stands - by Stand Code - Overall	Overall peak	E		2030	0
Stand Scenario	Stands - by Stand Code - Overall	Overall peak	E		2035	0
Stand Scenario	Stands - by Stand Code - Overall	Overall peak	E		2040	0
Stand Scenario	Stands - by Stand Code - Overall	Overall peak	E		2045	0
Stand Scenario	Stands - by Stand Code - Overall	Overall peak	D		2025	0
Stand Scenario	Stands - by Stand Code - Overall	Overall peak	D		2030	0
Stand Scenario	Stands - by Stand Code - Overall	Overall peak	D		2035	0
Stand Scenario	Stands - by Stand Code - Overall	Overall peak	D		2040	0
Stand Scenario	Stands - by Stand Code - Overall	Overall peak	D		2045	0
Stand Scenario	Stands - by Stand Code - Overall	Overall peak	C		2025	19
Stand Scenario	Stands - by Stand Code - Overall	Overall peak	C		2030	23
Stand Scenario	Stands - by Stand Code - Overall	Overall peak	C		2035	26
Stand Scenario	Stands - by Stand Code - Overall	Overall peak	C		2040	29
Stand Scenario	Stands - by Stand Code - Overall	Overall peak	C		2045	32
Stand Scenario	Stands - by Stand Code - Overall	Overall peak	B		2025	4
Stand Scenario	Stands - by Stand Code - Overall	Overall peak	B		2030	5
Stand Scenario	Stands - by Stand Code - Overall	Overall peak	B		2035	5
Stand Scenario	Stands - by Stand Code - Overall	Overall peak	B		2040	5
Stand Scenario	Stands - by Stand Code - Overall	Overall peak	B		2045	5
Stand Scenario	Stands - by Stand Code - Overall	Overall peak	A		2025	2
Stand Scenario	Stands - by Stand Code - Overall	Overall peak	A		2030	2
Stand Scenario	Stands - by Stand Code - Overall	Overall peak	A		2035	2
Stand Scenario	Stands - by Stand Code - Overall	Overall peak	A		2040	2
Stand Scenario	Stands - by Stand Code - Overall	Overall peak	A		2045	2
Stand Scenario	Stands - by Stand Code - Overall	Overall peak	Total		2025	25
Stand Scenario	Stands - by Stand Code - Overall	Overall peak	Total		2030	30
Stand Scenario	Stands - by Stand Code - Overall	Overall peak	Total		2035	33
Stand Scenario	Stands - by Stand Code - Overall	Overall peak	Total		2040	36
Stand Scenario	Stands - by Stand Code - Overall	Overall peak	Total		2045	39
Stand Scenario	Stands - by Stand Code - Overall	Overnight Peak	E		2025	1
Stand Scenario	Stands - by Stand Code - Overall	Overnight Peak	E		2030	0
Stand Scenario	Stands - by Stand Code - Overall	Overnight Peak	E		2035	0
Stand Scenario	Stands - by Stand Code - Overall	Overnight Peak	E		2040	0
Stand Scenario	Stands - by Stand Code - Overall	Overnight Peak	E		2045	0
Stand Scenario	Stands - by Stand Code - Overall	Overnight Peak	D		2025	0
Stand Scenario	Stands - by Stand Code - Overall	Overnight Peak	D		2030	0
Stand Scenario	Stands - by Stand Code - Overall	Overnight Peak	D		2035	0
Stand Scenario	Stands - by Stand Code - Overall	Overnight Peak	D		2040	0
Stand Scenario	Stands - by Stand Code - Overall	Overnight Peak	D		2045	0
Stand Scenario	Stands - by Stand Code - Overall	Overnight Peak	C		2025	15
Stand Scenario	Stands - by Stand Code - Overall	Overnight Peak	C		2030	23
Stand Scenario	Stands - by Stand Code - Overall	Overnight Peak	C		2035	26
Stand Scenario	Stands - by Stand Code - Overall	Overnight Peak	C		2040	29
Stand Scenario	Stands - by Stand Code - Overall	Overnight Peak	C		2045	32
Stand Scenario	Stands - by Stand Code - Overall	Overnight Peak	B		2025	5
Stand Scenario	Stands - by Stand Code - Overall	Overnight Peak	B		2030	5
Stand Scenario	Stands - by Stand Code - Overall	Overnight Peak	B		2035	5
Stand Scenario	Stands - by Stand Code - Overall	Overnight Peak	B		2040	5
Stand Scenario	Stands - by Stand Code - Overall	Overnight Peak	B		2045	5
Stand Scenario	Stands - by Stand Code - Overall	Overnight Peak	A		2025	2
Stand Scenario	Stands - by Stand Code - Overall	Overnight Peak	A		2030	2
Stand Scenario	Stands - by Stand Code - Overall	Overnight Peak	A		2035	2
Stand Scenario	Stands - by Stand Code - Overall	Overnight Peak	A		2040	2
Stand Scenario	Stands - by Stand Code - Overall	Overnight Peak	A		2045	2
Stand Scenario	Stands - by Stand Code - Overall	Overnight Peak	Total		2025	23
Stand Scenario	Stands - by Stand Code - Overall	Overnight Peak	Total		2030	30
Stand Scenario	Stands - by Stand Code - Overall	Overnight Peak	Total		2035	33
Stand Scenario	Stands - by Stand Code - Overall	Overnight Peak	Total		2040	36
Stand Scenario	Stands - by Stand Code - Overall	Overnight Peak	Total		2045	39
Stand Scenario	Stands - by Stand Code - Overall	Individual Peak	E		2025	2
Stand Scenario	Stands - by Stand Code - Overall	Individual Peak	E		2030	2
Stand Scenario	Stands - by Stand Code - Overall	Individual Peak	E		2035	2
Stand Scenario	Stands - by Stand Code - Overall	Individual Peak	E		2040	2
Stand Scenario	Stands - by Stand Code - Overall	Individual Peak	E		2045	2
Stand Scenario	Stands - by Stand Code - Overall	Individual Peak	D		2025	3
Stand Scenario	Stands - by Stand Code - Overall	Individual Peak	D		2030	0
Stand Scenario	Stands - by Stand Code - Overall	Individual Peak	D		2035	0
Stand Scenario	Stands - by Stand Code - Overall	Individual Peak	D		2040	0
Stand Scenario	Stands - by Stand Code - Overall	Individual Peak	D		2045	0
Stand Scenario	Stands - by Stand Code - Overall	Individual Peak	C		2025	23
Stand Scenario	Stands - by Stand Code - Overall	Individual Peak	C		2030	27
Stand Scenario	Stands - by Stand Code - Overall	Individual Peak	C		2035	29
Stand Scenario	Stands - by Stand Code - Overall	Individual Peak	C		2040	31
Stand Scenario	Stands - by Stand Code - Overall	Individual Peak	C		2045	33
Stand Scenario	Stands - by Stand Code - Overall	Individual Peak	B		2025	9
Stand Scenario	Stands - by Stand Code - Overall	Individual Peak	B		2030	12
Stand Scenario	Stands - by Stand Code - Overall	Individual Peak	B		2035	12
Stand Scenario	Stands - by Stand Code - Overall	Individual Peak	B		2040	13
Stand Scenario	Stands - by Stand Code - Overall	Individual Peak	B		2045	13
Stand Scenario	Stands - by Stand Code - Overall	Individual Peak	A		2025	4
Stand Scenario	Stands - by Stand Code - Overall	Individual Peak	A		2030	5
Stand Scenario	Stands - by Stand Code - Overall	Individual Peak	A		2035	5
Stand Scenario	Stands - by Stand Code - Overall	Individual Peak	A		2040	5
Stand Scenario	Stands - by Stand Code - Overall	Individual Peak	A		2045	5
